frame,shoulder_tilt,forward_lean,head_tilt,neck_angle
1,-178.9498282275898,140.6119699430426,47.43386059700086
2,-179.14697245988143,134.43104775576614,47.90744179783461
3,-179.37576474127923,132.6202118090245,48.53232896271993
4,-179.4224029301811,132.7446594471423,48.85523952568384
5,-179.42582634883513,132.98120472083332,48.7293602151468
6,-179.3470338717222,134.43865599589688,48.618124875935955
7,-179.37448390975783,132.629055904601,48.914757427566116
8,-179.58409486142594,130.96938529040645,49.09988861896157
9,-179.60220763935382,131.8030909158763,49.012184411639815
10,-179.50528741114852,132.80152196066823,48.86622455337556
11,-179.41284217532498,133.21639051859142,48.42884209326812
12,-179.63956323150362,133.0629288487059,48.365380941484865
13,-179.61154775513964,133.6220240547947,48.413889239839996
14,179.41916867304363,132.2458287049516,48.74661378313512
15,178.87712302281648,131.89047660531563,48.90789530816034
16,178.79403324979634,132.35236758451023,48.934201952900004
17,178.8077884951148,132.6478533475997,48.86571899645865
18,178.77370575425343,133.00267156777485,48.53967468203679
19,178.9605292191191,133.02699054019314,48.35516686383715
20,178.9780920460371,132.72933212528145,48.27201564666795
21,179.14382990475457,132.87030219404573,48.132813367713936
22,179.151930992634,132.8630279653115,48.08997692707485
23,179.44920092819845,133.07717936004693,47.95080542572949
24,179.875377840134,132.2607591222232,47.90854904993906
25,179.88509404378397,131.86247799297902,47.91135491252264
26,179.96219760911976,131.75614560873507,47.9275486976166
27,179.96437692844808,132.04634744554335,47.931389621362776
28,179.97001236411978,132.2981476415078,47.960714642122944
29,-179.94697745206688,132.40582644961174,47.979092487063305
30,-179.85916856003416,132.94846093866806,47.96590121033234
31,-179.76614139667208,133.01304553819233,47.92778237044609
32,-179.65381311867333,132.64149466081847,47.877684980632715
33,-179.51567071662254,132.74413917605457,47.851397401221675
34,-178.85925928011164,133.0131616393411,47.68922392872797
35,-178.52691918040063,132.92397350188304,47.646549384746564
36,-178.45479103442776,134.26297703724185,47.64179476203114
37,-178.4989213022458,135.14616134722314,47.64877605942525
38,-178.48872964935765,135.24187516585803,47.63267243937538
39,-178.50706557455487,134.5429301200695,47.67355557925703
40,-178.56062369918058,131.7018463529,47.72135859589396
41,-178.59799190708145,132.65733044488846,47.72984472127965
42,-178.6153421205425,133.39916122520302,47.79216862053522
43,-178.7079980718955,133.3673625997161,47.83771634989535
44,-178.747762629395,133.5801474633286,47.79521900668978
45,-178.96250801316256,133.75308349797663,47.75426192835693
46,-179.14880969247824,133.86086808108507,47.796317005531776
47,-179.14748121027455,134.84705810444186,47.794417465501084
48,-179.1313286914596,136.21032317336594,47.762544349022434
49,-178.99277244165359,135.85427995081253,47.8083769192181
50,-179.12210369066767,135.4080782638241,47.90827508368666
51,-179.09426328655147,135.12649792542373,47.91818475954092
52,-179.12099384600788,134.0944044209568,47.998024786762635
53,-179.11400837013673,134.05579754684808,48.00782854620229
54,-179.28355175769465,132.91598162199375,48.09698605991708
55,-179.42471022236435,131.19145618255948,48.119274330859355
56,-179.41873963538225,131.01355158141308,48.12770792172503
57,-179.48161119522686,129.30439355052533,48.168684992957125
58,-179.71602396092473,129.80228918799153,48.22930632063564
59,-179.91864576343292,129.8736286955857,48.311848088272285
60,-179.90199054181036,130.08962121877488,48.33031454751909
61,-179.90533917013565,130.49002803368344,48.38561573983208
62,-179.9172989738149,130.7134381377872,48.42643657694538
63,-179.7948112699866,130.74839495660774,48.389688678047754
64,-179.64637484603398,130.65508550024336,48.38098805591119
65,-179.52184032250557,129.99140410007024,48.33947038671377
66,-179.52581356685437,129.66608556896023,48.378225433928215
67,-179.56762026618227,129.86433621514095,48.41958048182622
68,-179.6587397765365,129.68314793674296,48.47760312514543
69,-179.70469626362217,129.78771189531014,48.451570715404685
70,-179.79487912105418,129.8096912055033,48.468565401064204
71,-179.79181845000372,129.74043820653293,48.465619282983255
72,179.7488138642583,129.86827804996014,48.59251755850239
73,179.71085219455694,129.7331481485537,48.63531520424347
74,179.66233580167335,128.74751584957463,48.673066654958255
75,179.40599582108158,127.91897944803236,48.7756678707339
76,179.41897019018327,128.21708562259374,48.80832399725916
77,179.4048029543129,128.9001473421775,48.81131128960773
78,179.48227275096502,130.62161756584854,48.813489274612365
79,179.29068829141838,131.20271163905343,48.856664535205226
80,179.25476767865808,132.01567611181994,48.838044089167774
81,179.03132551027173,131.52574837174961,48.92915351140372
82,178.96105377553428,131.4485364774127,48.96731554782044
83,178.95240401201156,131.41010213076194,48.99339124333245
84,178.93813401187188,128.9799891580034,49.00611919280658
85,178.92842272987536,128.6376298328854,49.04446508878562
86,179.047916638299,127.56951321864187,49.02287157791406
87,179.2639584623928,128.08103338126762,48.93251946768872
88,179.24490463897644,128.4678327717559,48.92567492317719
89,179.55246679131102,128.45902613858036,48.82744294075446
90,179.89588331352255,128.3187377259004,48.693911714728856
91,-179.67436906515707,127.60685492738858,48.564443934143995
92,-179.71679070972303,127.7436150810182,48.55093851000898
93,-179.78256014854603,127.36237338566397,48.563794219506754
94,-179.77594816300171,127.21770183513945,48.57851475928888
95,-179.80516546672936,127.4350227015992,48.57833385906932
96,-179.8846411949879,127.55810411372812,48.55128143953042
97,-179.9446811346333,126.55426883863477,48.50733836249946
98,179.9271890154249,126.78373780885306,48.538515466238174
99,179.93056609784213,127.54091078938056,48.51715383749879
100,179.88453612830153,127.33570500611982,48.51052221723727
101,179.80045761013267,127.0438061886043,48.53982403032815
102,179.70225507441648,127.06839995906667,48.54900911342985
103,179.64441390454115,126.57243366488085,48.64567398175602
104,179.65769983183435,127.24722172601507,48.70505948378665
105,179.70787779918896,129.26481168935132,48.72682141756668
106,179.47505711962867,129.86838883405312,48.76621931159043
107,179.4187170116963,129.5541828523833,48.760055255628345
108,179.3666655121938,129.4088168461037,48.77547813123406
109,179.340492490716,131.44239656315688,48.79927055347532
110,179.0463083626392,131.12102368900287,48.87791248247441
111,179.02102513467722,131.45496797400534,48.798823577471495
112,178.90206554916546,131.5231704988963,48.76395591091213
113,178.8627396387435,132.1120602175786,48.665177739445284
114,178.99611756067176,132.26224428336798,48.616939611402444
115,179.15057923500044,133.19578583442785,48.40683482000136
116,179.1101621803564,133.94632873335627,48.31758297852884
117,179.14129461422368,134.00802745179155,48.347743406406785
118,179.34641715906983,134.3378355445699,48.26058396032803
119,179.38046466172275,134.12402763697153,48.21643610873438
120,179.31177968522334,134.05203973434078,48.271547539561375
121,179.32017885464808,134.13637377644986,48.31661752566605
122,179.42883748471095,134.04979444495535,48.414382397301324
123,179.24860234944146,134.22191076150716,48.561885884891346
124,179.31199733607366,134.3048411021495,48.64001118882507
125,179.03198773797394,131.59298701967708,48.81237068243611
126,178.7411372098424,131.4144767414776,48.959389455103654
127,178.05410911300993,131.24732874016627,49.16568464318576
128,177.6422487558039,132.93285310398775,49.39387529865239
129,177.63351844593987,133.22813136871517,49.415422605552266
130,177.10529632212652,132.77278771729317,49.6073834385047
131,177.25864808042274,133.21826514971482,49.603216304390905
132,177.3129957338219,133.24595732178335,49.57363158332501
133,177.35392477062038,133.25799281633536,49.57063863527273
134,177.43377596718898,133.33285040394057,49.52121776588893
135,177.44921610352816,133.02882583985354,49.44206798753579
136,177.59210624920604,133.59324212810293,49.28263962039494
137,178.07564973007877,133.85995939485403,49.14706556286399
138,178.08207139386352,132.49019741110817,49.21851652570917
139,178.16269333717534,132.58555351581288,49.25443939894205
140,178.25203978246617,132.6450042688734,49.27933302787801
141,178.47613700857806,132.2824934758915,49.344951542224756
142,178.58263795812755,131.02748514612819,49.37518938280564
143,179.05133372660302,131.22608712296068,49.31041085592111
144,179.19716507098357,131.3549535392356,49.29265303008644
145,179.0287708096255,131.5945560932095,49.29868807286242
146,178.8390864512115,131.910857903844,49.31301456821389
147,178.8079245133153,131.91827197873303,49.281762186468384
148,178.6314570087665,132.0448238876768,49.26401176445821
149,178.39096425925302,133.0018483779538,49.307656259935015
150,178.35651950788326,133.13396512226814,49.235057865467304
151,178.3514852819906,134.0627082969675,49.202678454706
152,178.3206770986546,133.99755810073765,49.19343716026058
153,178.33441766527628,134.8207076689751,49.179422418583364
154,178.3188952016536,135.18042811412508,49.18113170540726
155,178.31785269015904,135.0722830357604,49.182639782555604
156,178.31951195195305,135.13519334206913,49.186641282489084
157,178.23915635740815,134.80462876687565,49.1460052837076
158,178.16093773448395,134.70107845311333,49.15457356399208
159,178.09819761085166,135.14979770001838,49.177022645496336
160,177.86857312329712,135.72348731383835,49.252205520036526
161,178.0737784102799,135.34127603074356,49.15046273842781
162,178.1829893904545,135.60499057096126,49.14969545136669
163,178.63264213375766,135.52884111897112,48.99898367887598
164,178.7263912723231,135.6260879807397,48.98748383425016
165,179.00701017816252,135.76027749858102,48.93422466367987
166,179.05229125557065,135.8517904294838,48.98820550447278
167,179.31195293463338,135.7901642047815,48.89714440466711
168,179.31000095243016,136.0819553130033,48.93593476004893
169,179.3117139015152,135.82664113635647,48.88061908467074
170,179.6810167435143,135.5257137255347,48.7024063021323
171,179.79954129207212,135.29610652995757,48.61863326903299
172,179.83145142697757,134.69078994326958,48.658835412199586
173,179.85643149573056,134.2365967284769,48.651824360244575
174,179.77298048711222,134.03416485526935,48.58864895888886
175,179.89999983112094,133.91411549032873,48.56269916660962
176,179.94815389464043,133.64802804081202,48.48493174445009
177,-179.94513497517175,133.5557495070974,48.3605900383088
178,179.8672760881751,131.37655593507287,48.273842952039885
179,179.77826903901553,131.76017697437524,48.24983978227399
180,179.74968412876774,132.14899395595222,48.18901290253205
181,179.67731304711432,132.66362569675803,47.992351900562284
182,179.67450225354247,132.84333377582152,47.76775760283798
183,179.43163210833856,132.47545264257928,47.68229317404174
184,179.24978347304693,130.91674220500283,47.79895585448987
185,178.2769891210169,131.17918363263382,48.21242879772263
186,178.15452439607532,132.4159620079521,48.34651539260706
187,178.10780746761515,132.76535879854848,48.383743877916814
188,178.10957575060382,132.60447092025382,48.34739878521953
189,177.83279559812252,133.33699990058676,48.35400979770025
190,177.82862102041372,135.57419142009397,48.28453438864075
191,177.88586727592534,135.25432779304955,48.267921480394094
192,177.8865314557834,134.75179960451504,48.37461292187899
193,178.00230329631373,134.6383480831743,48.37468754629578
194,178.70137325130418,136.39301428635642,48.40784751268748
195,178.84022518109873,134.8236606557904,48.523141983781315
196,178.8855404263139,134.63207617695434,48.74097030380134
197,178.90349315629777,134.14837350978405,48.82848720096555
198,178.99621990181637,134.00461559941178,48.85600132879963
199,179.14074475682534,134.19961233594128,48.87521424904222
200,179.22048636804615,134.45246059694824,48.90603047106821
201,179.18739061652607,133.2995292988128,49.21226252287386
202,179.20321814270403,133.29399618531076,49.36579349605302
203,179.129700164713,132.32333156305157,49.35577591846142
204,178.93145976227663,132.2776875892737,49.421454840497184
205,179.01064591258637,132.38627191127213,49.48366628872329
206,179.00435860994435,133.11092148794916,49.41805104048495
207,178.74085581367325,132.6954670530474,49.449395873406516
208,178.72800579177616,132.9543190016653,49.45712223004826
209,178.82589564069525,133.22717877038116,49.44370531742556
210,178.85680316112206,133.29036205477254,49.46444957043842
211,178.39260597502133,131.5283039360012,49.802141632646595
212,178.79758397315783,132.87832525389607,49.54563404762538
213,179.0015419925084,133.0220734214664,49.48799966907163
214,179.3112750312174,132.8294808578888,49.08420971758867
215,179.2887900945969,130.1730058799862,49.06211352491432
216,179.38685402224988,131.149914867007,49.002415073942736
217,179.5938281886648,131.92854730672184,48.77261623079488
218,-179.8361219111446,132.94204166561903,48.44785961830487
219,-179.5765229762052,132.58888488843422,48.190395170004564
220,-179.42741138181833,131.17239014594566,48.111675843111385
221,-178.74393144145665,131.65726235370727,47.72887787163121
222,-178.7405289923514,129.5914143622577,47.65311474293734
223,-178.65032666932908,127.62645130735599,47.68446012454366
224,-178.5349875402159,127.96487435241797,47.657110335508925
225,-178.5164194968689,128.7627703702617,47.7170087318908
226,-178.81684353227672,129.0535745761822,47.71245979607961
227,-179.8924269969881,128.4659414403107,48.262485504901434
228,-179.80355164758117,128.10558880412498,48.55481700613406
229,-179.4222921741174,126.4821402123744,48.59811503809524
230,-179.15090432700637,127.58645288238367,48.63560399795808
231,-178.7246448612771,127.62335341406258,48.6495195984797
232,-178.70897483136324,127.55117220737598,48.578827122971866
233,-179.1327722150561,127.85948115708199,48.26992581708089
234,-179.12268782350296,132.0445430471807,48.212101334136705
235,-179.17965185595526,131.54408388778089,48.258767518074336
236,-179.1970859446078,130.67725250484685,48.25949385074746
237,-178.88188341759314,131.29541820983783,48.48448271675232
238,-178.74561949719484,130.44540552058325,48.49131614946371
239,-178.70112787310202,128.96824724353598,48.514610305331956
240,-178.6710273061811,128.42015768139623,48.64156395190569
241,-178.68368780200294,127.48778363879111,48.69405735698633
242,-178.66907090054795,127.37887093831971,48.726200031504234
243,-178.4586697235364,127.41289534029987,48.71385818208646
244,-178.3337293714456,127.09894865823695,48.641557462320215
245,-178.41597131264894,126.94784545064444,48.60631937395739
246,-178.57602194531216,125.80445910004123,48.64007884702695
247,-178.6509829230189,126.70351601829816,48.68498175971692
248,-178.69541894682874,127.03970247371493,48.716310354492094
249,-178.72222727040207,127.56560712012526,48.73086895499382
250,-178.81715941166297,127.79728329461092,48.69386769401394
251,-178.80732252482866,128.44559012558096,48.72935019304991
252,-178.9143536628055,128.2519398364449,48.70198186462886
253,-178.87287062543933,128.44872633487543,48.82347368194785
254,-178.50937861186839,129.1225156832015,48.841272934341
255,-178.1584998738574,129.0110926104019,48.838492401831886
256,-177.71217633029858,130.57913235861363,48.886942776965704
257,-177.400555050211,128.96742801131902,48.98923744047809
258,-177.40187112836028,128.67818284575895,49.042334724883474
259,-177.5242897662226,128.25528390116298,48.880925065908876
260,-177.5627711643307,128.1692250562081,48.66923398626378
261,-177.6220603335472,127.6439542001456,48.2992230184733
262,-177.6577544507889,126.59238452662785,48.28323088274858
263,-177.76250923402182,127.09561571795302,48.41000127057589
264,-177.84649793634028,128.1457156872448,48.339035792218915
265,-178.01805157244453,128.64070268331542,48.166158933356286
266,-178.03770813613062,128.22416274691838,47.94671067506709
267,-178.0695534161197,128.36182027225095,47.90304929167833
268,-178.14084847298685,128.68879015866577,47.81095899138284
269,-178.2145762695895,131.31049433658444,47.83888353325706
270,-178.15195642599744,129.74106435661483,47.82306439614867
271,-178.2531095997526,128.530846950986,47.8622456106478
272,-178.37639603921374,127.69164184343349,47.98688019166105
273,-178.42656122828623,129.04372272996972,48.03187024673866
274,-178.53732018930373,129.34242486511653,48.164328846171394
275,-178.82184839795383,131.194806998444,48.4691874776222
276,-178.942510004682,134.21966790586893,48.81107373186761
277,-178.606276427668,133.58598848186813,49.07925916160008
278,-178.1103230509891,133.5723829703667,49.29184111927432
279,-177.91419452153463,134.41249168822603,49.426594038045025
280,-177.80447231268434,134.64029626253642,49.53675237599157
281,-177.64369061773417,135.97898711020272,49.55842857692268
282,-177.76529395761042,135.09657388290782,49.65435203227247
283,-177.69826155927328,132.2245882813013,49.488937913151354
284,-177.68322085080834,133.33102260553767,49.420229691105796
285,-177.6356892131107,135.65036485064908,49.29281033739025
286,-177.70409630059683,135.86818425150227,48.88092656188815
287,-177.79069707812155,137.12116100074812,48.59141287136943
288,-177.69212251596426,135.2787453723266,48.091622180386516
289,-177.46707215970653,135.61369762466384,48.04671913417365
290,-177.01146671483775,137.11591011161656,47.87114257987105
291,-177.09330398721565,133.30246440961503,47.85471172958966
292,-177.10586822795673,128.45624767722666,47.621649074211646
293,-176.92285690610495,130.4462760246351,47.45110361247233
294,-177.07583003987736,130.5650447651195,47.43149298781949
295,-177.3187447840624,130.09592568363837,47.31044321492524
296,-177.4899080831011,131.05176371064934,47.29419451052232
297,-177.497660651945,134.80776132066512,47.14158732701537
298,-177.36503998231788,134.993854723701,47.31519921803771
299,-177.35991217738717,133.92151097667792,47.907566668531786
300,-177.3648613778616,134.39877001206864,48.07140231407915
301,-177.86574322261703,133.85624523690677,48.621875014602814
302,-177.94992680305512,133.65687279204815,48.58715755292941
303,-177.90135591419138,134.22809516511464,48.638078316838325
304,-177.895071329594,133.80049415031675,48.97371118739926
305,-177.95103355807757,133.70196201876925,49.27716313494049
306,-177.92728155215048,128.49326244722087,49.35251763678956
307,-177.79223524990863,130.2103629850747,49.30738977153442
308,-177.67523559012608,130.55897948710458,49.31434055232345
309,-177.32894729416864,128.8263190115846,49.2706180408295
310,-177.36337855958152,128.34099952099754,49.21439040671624
311,-177.36008585548774,127.99218860122745,49.20757470421682
312,-177.40041210717234,127.79000759556016,49.18696299858707
313,-177.23267141900027,129.5363371461976,48.786610601651475
314,-178.0777609312667,129.6623857997788,48.517225340170654
315,-177.95717745750636,127.87833054628273,48.59900600657069
316,-177.73912243430667,127.62341242279781,48.76515041859035
317,-177.72960592333678,126.75025687050397,48.698516330930055
318,-177.8101369908599,126.09492513454377,48.40167309932237
319,-177.84102073113849,127.3347121739421,48.281988293913194
320,-178.0122072160763,127.0669387432964,48.29370437776765
321,-178.01832590890623,127.3344243627181,48.2276816342224
322,-177.9945367114148,127.69083378125637,48.37549914633745
323,-177.72391518322485,127.91267054184149,48.28208424447269
324,-177.7987479577559,128.07603020510496,48.34933767884799
325,-177.6347480988049,127.9152337244807,48.4360484786614
326,-177.55187766331554,127.28053745596364,48.404302469353404
327,-177.69583302455692,126.0875379974465,48.37795146864691
328,-177.72334954797861,125.75891515783029,48.17779647334207
329,-178.90467807572367,125.57854975716373,48.510702073157084
330,-178.9176704963291,126.22259227815768,48.467252783798145
331,-179.1128152795045,125.74689650098732,48.478158432997034
332,-179.22866620524206,125.78145524223582,48.24350249552276
333,-179.1937099521651,125.52183263222847,47.76780503552421
334,-179.25669939798996,125.54089429435871,47.454809317080596
335,-179.4570858328227,125.86557385460526,47.277392801703755
336,-179.02342181558865,127.42503620321571,47.24594544935673
337,-179.00386287729577,126.58348788757628,47.25615473576817
338,-179.02114071793997,124.89746395518,47.47106877347952
339,-179.04071130033753,124.90848787234131,47.41717690035573
340,-178.94734206874034,125.44587788605698,47.383557298593566
341,-178.97873105824095,124.94286038911996,47.226381157272826
342,-178.80864631886544,124.79258336771427,47.314873245011114
343,-178.91047942433144,125.08088094453532,47.41093007267947
344,-178.7256822026711,125.67678179471615,47.5521172880549
345,-178.90947207978658,125.9729094078205,47.55256620485853
346,-179.17632480912374,125.85954804098257,47.0901631566012
347,-179.22807572193858,125.24520441755602,47.08490512604047
348,-179.2506057040503,124.9302206658347,47.14324245012763
349,-179.13500273539148,124.81471211948433,47.1761961464698
350,-179.0744261175633,125.02179339817916,47.08896714586702
351,-179.08770291814628,125.03927639443218,47.05661861153979
352,-179.02260107626,125.16523301862694,46.93202460766768
353,-179.05573863960083,125.25179539248799,47.02454081740618
354,-179.07122672953358,125.111645132393,47.019219004381824
355,-179.13795577341065,124.70754350309913,46.878525089679414
356,-179.11415006731525,124.76248245370645,46.919698024458185
357,-179.34589053152982,125.80610220308952,46.95575627538527
358,-179.7177079113244,125.86183278746107,47.08250111009459
359,-179.9113549838923,125.58087034881505,47.145020519900456
360,-179.81726246675885,126.22803259302009,47.2194437411936
361,-179.75051302511056,126.12055523891887,47.24729202655404
362,-179.47722043667494,126.44840266546518,47.36344991671335
363,-179.50367723205494,126.88711081262133,47.43688232474388
364,-179.5067027914542,126.6979656311513,47.48648971204711
365,-179.3616058967487,126.44226553834193,47.45633176724122
366,-179.26172512486283,126.3767638607622,47.50806731513408
367,-179.7533582317859,126.2891098859587,47.60481597630344
368,-179.75793346186416,126.1999454537461,47.65987093658117
369,-179.8818243888632,126.32060345058028,47.76790583813208
370,-179.96470619929968,126.25085008899832,47.80776553477823
371,179.68181645909232,125.46127422915974,48.013440151258415
372,179.51166263778177,125.69129306349674,48.08783684424473
373,179.51374421578646,126.28960152251028,48.02728347630985
374,179.55014164606382,126.16217207731957,48.064304556671146
375,178.93961311706607,126.13087430570849,48.34990741742545
376,178.99222765788556,127.6062756005711,48.384762838255284
377,179.06660764547067,128.25456594107828,48.46077091485009
378,179.57907769789995,128.73139427218405,48.33669770230261
379,179.65123760494737,128.24049233157265,48.45065506674544
380,179.40432983360176,127.59752381499702,48.55007912944615
381,179.8776309902311,127.30890256258216,48.86443985921644
382,179.97716711534366,127.00760370805087,49.141154655765135
383,-179.80837229361268,126.95032623748193,49.33208348621969
384,-179.62072245078173,127.0379252173751,49.48791347834665
385,-179.3623924623386,126.63705502998396,49.29894500146599
386,-179.26329581557323,126.47603245133531,49.37800831598134
387,-179.28615571509687,126.60582777340439,49.68012733193838
388,-179.4172036296692,126.46100515080964,49.793854488724634
389,-179.5363357396231,125.13972866342813,49.921022032660154
390,-179.3223124795554,125.54249777007651,50.061913695483526
391,-179.32523979339553,125.84633321305499,50.32362269264111
392,-179.5802515392025,124.7453449803363,50.46840373077189
393,-179.56808033348176,125.00838522034553,50.32860417115384
394,-179.49857853998992,125.55088903253662,50.15483660066201
395,-179.44708996866623,125.6772325907453,50.07709003881722
396,-179.20559905814565,126.71061428476433,49.981349572669394
397,-178.78354287855208,126.72251069827016,49.74795886119595
398,-178.77363576056874,126.77164978155727,49.62417943895994
399,-178.80142649252736,127.00926476935662,49.55489652053241
400,-178.7937066148519,127.00300386701485,49.43609876303877
401,-178.81233340639074,126.50682502208352,49.37719890996598
402,-178.865996955245,125.61270428180133,49.41506562268427
403,-178.87859173514252,125.74009333292138,49.41570290828407
404,-179.09395871261103,125.72491422301366,49.30262245388236
405,-179.61682191916543,125.42605961772033,49.3072696887137
406,-179.6610683300019,125.475807945921,49.19193770756673
407,-179.68395374814057,126.28214572575044,49.08293691457935
408,-179.62029025135203,127.03844459213441,49.021254648626766
409,-179.58863603953847,128.81062629861182,48.95741557985075
410,-179.4672278861089,128.68981020262856,48.838644906436045
411,-179.32204069798104,128.46505132853298,48.60598443702023
412,-179.22695923315317,128.31811853013036,48.45252651010879
413,-179.08821725887657,128.04987952803853,48.38448493480422
414,-179.0711774729259,127.42211232173892,48.38839861792385
415,-179.1034982329521,126.73807263051414,48.423744422014884
416,-178.9609383831995,126.54153559173969,48.38605407014157
417,-178.96017358046808,126.09962538427801,48.37817236341316
418,-178.95968555201426,126.03814587285994,48.41180307317519
419,-179.1767817144052,125.4410672249379,48.52382445856384
420,-179.22813114734493,125.58072272775638,48.53083351081821
421,-179.2718200616277,125.83561611095918,48.51330993453985
422,-179.32824841907365,126.21031245501995,48.553730410410424
423,-179.3675367315511,126.3067845241718,48.4935380316263
424,-179.32025105839324,126.64777109134911,48.445693380034655
425,-179.28138650309953,126.37155773372746,48.45657883947474
426,-179.10907425530044,126.25509390485513,48.398177366043996
427,-179.18437929574787,126.71404470940963,48.505317168842794
428,-179.01558908203745,126.63799240966485,48.43609838676463
429,-178.97588853406089,126.84766906031221,48.399615679234444
430,-178.87811625755202,128.26400481463952,48.358575130254536
431,-178.67581581911404,128.28364176200782,48.33497908876071
432,-178.68547248520252,126.43171821803776,48.3258445301585
433,-178.6838882037213,126.4001512764795,48.23259802083194
434,-178.89187865477993,126.01249427081132,48.271639691109904
435,-178.96950151761104,125.88956923915268,48.250072518782076
436,-178.61829527325258,125.71155962574541,48.20367460951606
437,-178.2881362879805,126.01338069350916,48.361208146587074
438,-177.98278144952968,126.71579737902744,48.23427618719713
439,-177.8321391867009,126.05370329848786,48.2097977062299
440,-177.63633095189675,125.05286413595246,48.27153239905207
441,-177.58469770064065,124.7885639077852,48.35916196092907
442,-177.59381289756868,124.59839753414124,48.436975598412516
443,-177.5887740204662,124.49351998530598,48.478218267260445
444,-177.638952545891,124.59894797420357,48.56348836077716
445,-177.81352246300455,124.28133812562034,48.703548784468445
446,-177.8957288252623,124.68135902936753,48.85436989502345
447,-178.42576785088008,125.13009645534918,48.92974036786024
448,-178.5078856941503,125.30498551640355,48.81328052586934
449,-179.214573365761,125.5329921883791,48.85343900658883
450,-179.70692966842387,125.43170986658876,48.78483641091417
451,-179.8649233124172,125.68218746552915,48.701527868861234
452,-179.93602306685887,126.8972859568956,48.56286086930298
453,179.68970655926248,127.31439962390556,48.40618208916074
454,179.27296258363052,127.42741487463334,48.00187199627484
455,178.92521715313651,126.0716154068892,47.77003189206526
456,179.09311641898643,125.00924194311693,47.68575571892536
457,178.99856544702814,125.30404712583213,47.57049462903176
458,178.73287590770795,125.55540800467014,47.56315955406044
459,178.70165048471273,126.62672366904016,47.618620336659134
460,178.3694182951129,131.18542615801266,47.69642882609275
461,178.17231327571557,130.95943505475114,47.828818394884905
462,178.0331092119182,129.6111344731915,48.40035355743845
463,178.56343318535062,130.2847647872498,49.071755384752144
464,178.53987607234228,130.34760131504643,49.140978654003604
465,178.56527393127155,131.00344192328018,48.83447703503495
466,178.4513062932557,131.69798464173232,48.76653198568559
467,178.31773757153863,130.40495590624585,48.779396718668416
468,178.21758305639116,131.62041565661676,48.76225898742423
469,177.55011508758045,131.28808224530474,48.75718500381013
470,177.70423179607846,130.3984204283147,48.63648808113269
471,177.53440826666628,129.71170048503114,48.61895420284942
472,177.2325335586915,129.30201987434094,48.754275883292934
473,176.928558136979,130.65708927607247,48.81542796881062
474,176.70220398669701,131.14060892338946,48.85976929244373
475,176.60664982274648,133.51341625736302,48.73715586816615
476,176.56557052011416,133.97178062433449,48.65774697065962
477,176.58409202258167,133.40304895408224,48.87154883409066
478,176.51028308105495,134.2582839040463,49.03514989615088
479,176.71202874080709,137.16845530960558,48.8651030574137
480,176.5680257373628,135.80212530799943,48.8176951701968
481,176.58059585537615,136.22153272359205,48.5626671292479
482,176.47907165499123,136.34662534158522,48.499373745555424
483,176.49523901114378,137.25751467646123,48.469000590955574
484,176.53765552664714,137.90951214276285,48.40101802555922
485,176.68578596204895,137.56032519768874,48.348143828550356
486,176.86678607606828,137.10233256092127,48.36257836476598
487,177.23526199288057,136.99136948314558,48.357575002097704
488,177.24303454982413,137.03883627530286,48.36448529973923
489,177.43682369041105,137.4502660567245,48.41610288902682
490,177.704637344589,138.09835002260306,48.50938659766717
491,178.0925894026766,138.1052588511616,48.68552519524879
492,178.28972605106867,138.5021716427041,48.71852232349711
493,178.78929845963162,136.70747821853593,48.75733176795432
494,179.08942016065205,135.22030149680214,48.67996315450389
495,179.38594194405346,135.28538458716127,48.646424773896854
496,179.58337083461402,134.69685996231348,48.46684144528428
497,179.2838499970222,129.857370908075,48.35156439459528
498,179.13595451325145,131.2146540040064,48.1976160380378
499,179.25081800658663,131.91497825680892,48.0548579504719
500,179.23262714192364,132.59939443272194,47.948050590062316
501,179.21620387124065,130.81856520915224,47.832787838252976
502,179.10289953466457,132.1844849162493,47.69708824073116
503,178.9884353281823,132.14078264604225,47.52453757434746
504,178.9264000920666,134.20069392728814,47.44348418577615
505,179.27468493769658,134.48557072911146,47.30801500547751
506,179.30914396430904,135.26575046771526,47.25632712110238
507,179.4379912700497,136.18108725441604,47.29623241669968
508,179.6191895942588,136.45357874608644,47.35925782061549
509,179.72018616004829,136.90254943453127,47.443137419659585
510,179.59109948733618,138.4638089737737,47.54742623680609
511,179.49674049289908,138.3218215565514,47.60785782486525
512,179.28643700993808,138.1067661433003,47.59156174190478
513,179.22475335213588,138.80203349479376,47.56549852421044
514,179.1572754809228,137.73185213924535,47.46103643730983
515,179.12453464236538,137.59653523842286,47.47305099367877
516,179.10756530295936,135.87722746819955,47.4830453241602
517,179.0198583672832,135.27938235650203,47.56332163045213
518,178.88848217083816,134.09552909425992,47.6474084746152
519,179.12403722617682,134.61443018456097,47.64011669066115
520,179.2953299888062,134.74127628227976,47.55651777879238
521,179.49841177911284,135.05093416922537,47.49031450636643
522,179.49624385840903,135.2565779101073,47.45575699881565
523,179.58321486181734,135.87641563681763,47.4177972436631
524,179.54172858152194,136.08709550092684,47.46367325244619
525,179.45238052398665,137.11459783759415,47.43864827140017
526,179.29148207090697,136.73690668086442,47.480990649580626
527,179.30718842966195,137.20844341384088,47.548212206779944
528,179.4314950812102,136.4297988441023,47.6662288428311
529,179.519595685138,137.2814371455854,47.71699365584776
530,179.32103907236302,138.0448666839538,47.74354795418519
531,178.5784948015287,138.40818222406034,47.84818454279582
532,178.6129449962523,137.9327364008619,47.75166158547232
533,178.76818295773188,137.85758342331096,47.71728289897234
534,178.784419301716,138.47934256878835,47.59860922586422
535,178.71455723540308,138.34919789810516,47.51118369316776
536,178.69861077581646,138.17740070391105,47.38551768400668
537,178.28085317364295,137.62999834917844,47.452769631077
538,178.22046945022342,135.97077568108875,47.465002209502295
539,178.20594449059428,134.68949156535098,47.478292670504764
540,178.09340784961418,133.37265081694179,47.546614673202505
541,177.9988793728329,132.2645854388345,47.50364709902082
542,178.79004754408285,133.19212297491475,47.211775614622546
543,178.8039163863405,131.24427183850025,47.207461286987886
544,178.99346754877172,131.2073902805698,47.17427672946272
545,179.14537800181353,129.42724344312387,47.142333228510125
546,179.16159777111318,128.56171861281544,47.167050125062474
547,179.13118984517544,128.37878043672006,47.172876824123506
548,179.07121734223458,127.73891973656906,47.21318473561385
549,179.6025122451783,127.59997147585649,47.39614635438851
550,179.63884730629707,127.26322388292719,47.74783561619753
551,179.33742185369306,127.57361873795082,48.1045700450412
552,179.40015425168133,128.04185651822942,48.690467833325506
553,179.68109801547556,127.36455394847592,48.87902716483735
554,179.82781689741827,126.63968092489638,48.99845665765306
555,179.7170230663253,126.95428325973107,48.874260818089056
556,179.54510727656438,126.54350781974065,48.785523258877774
557,179.5547187250169,129.01193160640764,48.62431311132352
558,179.3438201858154,127.89780094710156,48.51983353368653
559,179.20936210580211,127.48342250442633,48.328213843351065
560,179.02952523604765,127.75823147703827,48.033511854027374
561,178.500339119381,127.63139636749798,47.890468593005856
562,178.18533709653502,128.511957227422,47.954036206374916
563,177.435199703582,129.1775806508117,47.944525187932214
564,177.30937870458325,132.65597165605286,47.90129087657104
565,177.330446432418,135.32116413000986,47.70756685839189
566,178.58181944494515,137.54090115897026,47.081434146936736
567,177.7651087021195,135.42102779815755,47.4050156730285
568,174.25572249605693,133.9275152548587,48.37933075891051
569,173.50780600219358,135.21134446678002,49.09422508367458
570,173.4683757399513,134.26377774352048,49.11506556279405
571,173.49460034994345,136.09519748025573,49.5304261028808
572,176.1138920980029,137.2826451889331,49.121360173309725
573,178.19216268677914,138.45966312249323,48.422769066455494
574,179.17880433770134,138.70774508828495,48.23920771098449
575,179.699952622615,138.5036193404914,48.14337746766804
576,179.77958608390426,137.5179117382998,47.933055723394354
577,179.83578654334437,138.3519629942559,47.47555925275164
578,179.50418138929828,139.32739389696616,47.88038162058209
579,179.41887711505547,139.39558259257493,48.17533552327952
580,179.5595923296225,140.22403509585973,48.24171549790383
581,179.57871009764173,140.1278570607343,48.25607351313515
582,179.81337262966738,139.9985548162245,48.20811237192325
583,179.8874212575452,139.81954207772867,48.11685044895224
584,179.869759318608,139.84053773123884,48.0620619980961
585,179.83312658962802,139.96315089250987,48.00673797576266
586,179.82636671300483,140.01164078886305,47.99847995249247
587,179.49929604116724,139.76883112934078,48.08337426543119
588,179.1351780857726,139.78460141887075,48.14724263208615
589,179.10425087802778,139.6972359251245,48.148598680537425
590,179.1035082724549,139.7499656653158,48.06126619742723
591,179.13799099575348,139.73399308013944,47.99376651618811
592,179.12784479569171,139.83223748627867,47.99015940386962
593,179.12951825498857,139.79123117510144,48.03983369327261
594,179.10599962555855,139.75289648946497,48.043242700711865
595,179.1337500651256,139.84452045608109,48.00117782585164
596,179.06295176129578,139.80846380444655,48.00441739406146
597,179.06705265036067,139.7056921968104,47.987037924264776
598,179.06962826945613,139.88310468723412,47.981256697803836
599,178.99644426628865,139.7508682326683,48.10946387495995
600,179.05094362244543,139.36597708724292,48.149213623759415
601,178.97949037659419,139.05663962469018,48.27737921931193
602,178.83980280629154,138.92961817264984,48.34749528251835
603,178.74820611369387,139.03978992430984,48.364295705325695
604,178.54922857337155,138.92570108175175,48.49783018632942
605,178.21800130328288,138.93463614348153,48.69835408988326
606,178.49090043068657,138.826854173077,48.5936736660588
607,178.93753469572522,138.8958043963479,48.39893951040052
608,179.07849627139234,139.0809641036475,48.207560160649294
609,179.02167555777945,139.31929097069386,48.07001258049875
610,179.13090255126215,139.56033837828008,47.7856835278312
611,178.9744733563239,139.76917625184504,47.60492502561018
612,178.9470666176366,139.7510200670814,47.431193830757806
613,178.9177584198449,139.90208468318892,47.285099010904
614,178.8863608363962,140.12938492870495,47.14877700105928
615,178.83819190050644,140.14053087379125,47.19943112076686
616,178.7918195839658,139.93853427077704,47.28894806811813
617,178.77335379343543,139.93954220671085,47.28402904964926
618,178.66102485772174,139.75493237954862,47.3373124188246
619,178.65595253520033,139.86220367896647,47.447264062356965
620,178.64077312391498,139.69554540745975,47.33720580943371
621,178.67782413425277,139.55630735831093,47.107115146422586
622,178.7043778853441,139.4084893403366,46.96837648455144
623,178.6979804674219,138.53210696221842,46.89550825492733
624,178.7078169192722,138.17519162277517,46.91337586707031
625,178.6305695051721,138.28571133478198,46.97431458593204
626,178.81525786760741,138.35062262348777,46.98489621118987
627,178.86483466178169,138.4967636256674,47.00027929213715
628,178.85821052004295,138.84672879749678,46.91399728728034
629,178.82005142446425,139.0278383644967,46.86155973986472
630,178.78890340686462,138.9582893054742,46.820609995583595
631,178.73781679038896,138.83965994609758,46.8033136172321
632,178.67811647970615,138.735764732448,46.71376607420842
633,178.63729267461756,139.6046646732421,46.54863082405959
634,178.73315121964248,139.61881583285538,46.4828265817447
635,178.87077119706,139.7013513955461,46.473269792666215
636,178.87589066816378,139.7664287111588,46.468191266876225
637,178.89081530171296,139.67259034381922,46.47851229491022
638,178.81809940980716,139.58056627696777,46.537060305243415
639,178.67804364292587,139.70140043426392,46.498129311739426
640,178.6696668757119,139.9427064940314,46.56161004114374
641,178.6231617209341,139.8128704560014,46.742861891013085
642,178.61685202802104,139.63780810665503,46.93674731823092
643,178.6151545083645,139.65433839339946,47.16954685186423
644,178.74553853067763,139.65032424463246,47.347531640150564
645,178.85148091078946,139.86631256293362,47.409903420743774
646,178.93485760554472,139.60657711781093,47.492712955286294
647,179.12889692662586,139.585495339866,47.50144476435188
648,179.26553633277453,139.51938199551913,47.5032097159072
649,179.2947395890064,139.52005918152435,47.45593638277335
650,179.32857420062405,139.4986550520009,47.50273343456585
651,179.36585825018412,139.46074656096195,47.54471140636477
652,179.4395005566375,139.25710631647564,47.62008873206139
653,179.46429274133834,138.99209821076383,47.856369689158186
654,179.39794438634402,136.8385409451415,48.132194373443966
655,179.54403267587938,137.59634250654491,48.205728700627574
656,179.52334381689303,137.19050664150174,48.374232453964225
657,179.6765355166051,136.80470259135885,48.551112710275945
658,179.71290744371493,136.38263260568496,48.66351972640731
659,179.81729669559363,136.8882836916585,48.73028911159216
660,179.8677531451005,136.9008267918756,48.65657835374321
661,179.89747677111353,137.06484534004719,48.55248514908392
662,179.92129379333744,137.1497015131025,48.563644498325864
663,179.89423102326762,136.7630522478581,48.6071593109968
664,179.9859429344878,136.00024726891888,48.55613106609951
665,179.98518647085416,136.3360798878948,48.5296078620308
666,179.93591509020246,136.30821885473262,48.47670532488802
667,179.9406961622896,136.44156622824553,48.45755659066289
668,179.91976244032222,136.3159228530949,48.4900008020706
669,179.92866076761567,135.15637971167402,48.54945017078911
670,179.9283170975896,135.97484286614025,48.579673189037685
671,179.90991464871013,135.9919229725684,48.54981241223276
672,179.91183692275993,135.76293689803475,48.524273858281106
673,179.86907215044735,135.63275552400188,48.44911239163987
674,179.717094170573,135.87955499050503,48.298700388247084
675,179.5799048766232,135.7319496054833,48.30311296094805
676,178.96596459461128,133.9214812614501,48.494680763135015
677,178.3775168131177,132.91742065947224,48.78417820836211
678,178.01755675857754,132.4081930049742,49.09173689223494
679,177.9206072218069,132.74833666136163,49.26454500731259
680,177.8427437328604,133.48360207889007,49.12883751595595
681,177.74487744997322,133.5587419340789,49.0159129651402
682,177.7748556172464,135.69031684090973,49.04282946245096
683,177.78562275441135,137.16097107057496,49.211139208472126
684,177.78326776919502,136.87215116457412,49.31662462486561
685,177.47241666838443,136.60016684429203,49.48002774007486
686,177.43918091673748,138.3383538656593,49.51947492789454
687,177.67266316657947,139.07376925572754,49.64298928935716
688,177.73411936164766,138.8161644508604,49.66037348281374
689,177.47110514027455,137.70120103937066,49.77696550745302
690,177.29344953703722,138.22822572770735,49.77405263656635
691,176.7461138737199,137.73640910914304,49.84270202424057
692,176.66015669698837,137.13227749233926,49.879269255635904
693,176.61887136754083,137.62949068444868,49.797633736850706
694,176.6013441592133,137.91640017500356,49.71631506681943
695,176.64926447020045,137.89562825069962,49.76281648311168
696,176.77012519438426,138.15200651235747,49.6157516054865
697,177.04349600288404,138.42049884274658,49.41897092861132
698,177.29096645466637,138.80927954585806,49.222223287301404
699,177.27623997053857,138.8703108918529,49.19919739499673
700,177.28856541940706,138.84670722673602,49.149027681096925
701,177.28681487822254,139.2482704102913,49.06454313346825
702,177.31178487458112,138.81675538074097,49.04207317714013
703,177.3135954287516,138.65345428141313,48.995886136186584
704,177.43723095034514,138.4997931239817,48.92779712410814
705,177.56158042028258,138.63709140434202,48.897897781584916
706,177.65988002659822,138.46798587090692,48.88338451901554
707,177.654569118256,138.01564942396118,48.89712803818131
708,177.7345100591278,138.0357792912323,48.84997234297383
709,177.82054158586902,138.78808101902803,48.75864002689397
710,177.8647792492294,138.96823396428837,48.672623816450944
711,177.97764179167498,139.30773652562124,48.611308941872565
712,178.02132084751926,139.44560827629056,48.631774858234465
713,178.1836797228415,139.46988634497728,48.60509363106676
714,178.28487482981635,139.23231861359682,48.5406533468186
715,178.42948547270223,139.24657155813895,48.44768679712935
716,178.48703548315123,139.18655752578528,48.40962307895397
717,178.47765977564933,139.10656939793998,48.37626294024353
718,178.36603233696968,139.11405854117746,48.38048836487573
719,178.40851242117148,138.93673628988515,48.350434899716184
720,178.2672885735527,138.86531017104159,48.50923754067883
721,178.2747619827888,139.3151619843191,48.55077478853151
722,178.21273180286047,139.27330063990934,48.60888102683355
723,178.23517583547564,139.342418371891,48.62863432681888
724,178.27666095692115,139.29233445977982,48.62900393459626
725,178.3308280834347,139.2345141583158,48.65930832968392
726,178.36099169037098,139.20468473313437,48.71894474435517
727,178.42231746344115,139.0889543741987,48.84423526572197
728,178.59686197650274,138.54171614021254,49.20240106730154
729,178.61346382106137,138.35020136021663,49.47950229954159
730,178.5985119837619,138.11610488146013,49.793671240704086
731,178.6529232059788,137.81928206659683,49.85301270217997
732,178.7001847472721,135.74731650321482,50.1142893342081
733,178.8185664921372,136.19922059256834,50.1037605906291
734,178.8406601977766,136.4945162236601,50.05801722656542
735,178.8709842039424,136.39659717366303,49.99609297237859
736,178.87455014691642,137.6528843106575,49.86989994544123
737,178.83639747332478,137.76546658805657,49.59301496289556
738,178.96663142366057,138.50665620320441,49.16344878076233
739,178.99740677679213,138.6367974830927,48.86695147294343
740,178.9994666604984,138.9624080423765,48.489531684034446
741,178.98058328443955,139.127476249989,48.375193750960634
742,179.09757632297203,139.44103070601125,48.18206221490229
743,179.19589023974694,139.55212998634477,48.0272445691201
744,179.23721243892336,139.91892433748873,47.851555608098
745,179.3169964271567,139.93096076542048,47.79523549709013
746,179.30762986568172,140.41041798587702,47.58106295113519
747,179.28911999754294,140.32556980111625,47.57832075936888
748,179.3568467403735,140.29658735728003,47.46449284837274
749,179.2681540970489,139.74020746315858,47.493782737383356
750,179.31538670084424,139.7639819182124,47.52421170709764
751,179.30964562764092,139.66490843639565,47.54826341420055
752,179.40435829840624,139.6788405344821,47.52350443380025
753,179.40290493150536,139.65236248991505,47.631959246015086
754,179.32550646101018,139.6482174793501,47.71403366824448
755,179.3019970767176,139.6739802394372,47.73485301929402
756,179.30855620638644,139.78913664531774,47.72937199498828
757,179.31146124422307,139.77909718390208,47.747824113442114
758,179.29423731620452,139.7625735713971,47.73666484853895
759,179.26161009294484,139.73155583222632,47.73852370498862
760,179.18135566923655,139.7753854698587,47.747366884632214
761,179.1690734752346,139.7773875991047,47.79238540911957
762,179.17168975925148,140.19586853890056,47.743736397716305
763,179.02618982138137,140.21261635751415,47.81273065890871
764,178.63162284130178,140.13918038507623,47.9366928118591
765,178.34067247008667,140.1271525824798,47.9677688601588
766,177.97131721229474,139.89816390865607,47.94386083783438
767,177.94531336279456,139.80970788691997,47.77767685640136
768,177.9908063177241,139.94022040847952,47.664269790565484
769,178.00940480620469,140.19618827231824,47.482801685696224
770,178.073129161965,140.47004262770298,47.40078517897259
771,177.92006761909684,140.69169441427465,47.36364959312094
772,177.84683834741512,140.85179403826325,47.214673204788184
773,177.75703962420633,140.89541000684227,47.145558405415066
774,177.43510830195487,140.82290700702575,47.19737236812098
775,177.3312982774699,140.75503962762204,47.18293204406858
776,177.1843871525152,140.74451120408466,47.128957251287055
777,177.04207022388925,140.8347383042822,47.10278116888637
778,176.94173385894115,140.93168819234978,47.04629353111089
779,176.93252611040614,140.9677386678529,46.95776644843262
780,177.00783567336057,141.17779736043383,46.87364023360057
781,177.03753058949775,141.2516271901594,46.85834819982079
782,177.1186650293335,141.08460677445967,46.79416689185831
783,177.12647859841485,141.05773942674003,46.79973881490466
784,177.0932110625786,140.97469502561677,46.875531304249165
785,176.94350991487386,140.46849924793858,47.03541357414054
786,176.9519119503947,139.75928699072975,47.154094938916636
787,176.98190780778253,139.02073090137853,47.47787531990171
788,177.1027707615324,139.17717037220407,47.558208102964144
789,177.11221785329704,139.2760284080317,47.74453621535118
790,177.0637960018973,139.11144331770083,48.00910175197833
791,177.05851600691187,139.10660576185512,48.08216813754666
792,177.06696137808018,139.13539035312672,48.150966408186235
793,177.0404205689911,138.97904880517797,48.063574056745225
794,177.0243101282173,138.9962402807504,48.027907934943045
795,177.08698765797712,139.00597611328303,47.947243319063666
796,177.08581486462725,139.01886731650964,47.869699900328044
797,177.100017872415,139.0887212125522,47.857697682138955
798,177.12854574457347,139.2012937352057,47.879964465500144
799,177.03816577907568,139.5773139211284,47.781755985857735
800,177.09540800762804,139.5431760578132,47.82153421054012
801,177.28783633132664,139.36342410449868,47.827391639330074
802,177.320423275301,139.27823203219384,47.84482137126445
803,177.38000566629506,139.2023485326258,47.9308514418503
804,177.4224429619547,138.67729353699647,47.975695768701435
805,177.45629760211338,138.54535332432317,48.120367035563575
806,177.47418368245383,138.77009886180022,47.97720731228499
807,177.73575523819346,139.09201600120116,47.84357880234225
808,177.91681582138116,139.30929966555664,47.75778667291354
809,177.90087046981603,139.25388155415766,47.8462396135809
810,177.9702746691543,139.35553939519355,47.63671067647657
811,178.10670990971303,139.38127641327125,47.32793523827106
812,178.25500414869987,139.25356194865373,47.35550363318797
813,178.3374249327917,139.19616631683786,47.4391378836944
814,178.49715367245915,139.2344714494111,47.506843001630564
815,178.53307857967317,139.17770544696498,47.53901861289067
816,178.5565291115363,139.26701392122652,47.65097577084923
817,178.6555011172295,139.19052102055346,47.799877063559826
818,178.8424554423108,139.50046424934527,48.010093130320065
819,178.92641987825235,139.28712670406253,48.150862972945994
820,179.2126693854245,139.11058367888276,48.20107211481015
821,179.30968898355752,138.9715541123068,48.26010658620493
822,179.41777306702255,138.94709114280212,48.32531149605194
823,179.59222048241543,138.98725936653912,48.27310727134597
824,179.6174309779987,139.07970741218196,48.250606138804045
825,179.66295580837283,139.18188522471814,48.273881819172466
826,179.5930673381756,139.2719692223233,48.213786328653185
827,179.35430164626325,139.30687323238837,48.10961010160194
828,179.3284009927713,139.42607906080488,47.98312892157357
829,179.14045824164657,139.3487732149138,47.869151169778675
830,178.77837742487344,139.63595108298526,47.86371982750857
831,178.34805345753333,139.65333947186238,47.865100693900224
832,178.21571273876012,139.69878982791593,47.86328680540634
833,177.64264300869948,139.47079784197143,48.002038426342885
834,177.17363238539056,139.4200484046832,48.108188327149676
835,177.16263140991697,139.37025182262207,48.139732212684926
836,177.03201447308987,139.44999899352527,48.31048789458725
837,176.93740634135216,139.24221972118946,48.474419165776126
838,177.02731516451956,139.13922012355275,48.60432329515812
839,176.96535811361335,139.1889982976584,48.67274046862532
840,176.96832254004417,139.0818587197439,48.75346832825912
841,176.93967838228394,138.85744183784817,48.818197902355266
842,176.95647920503723,138.78675469942957,48.86386238322428
843,176.88802879587217,138.16323575396984,48.95365902346537
844,176.88501476790503,138.07397099307767,49.18280317253589
845,176.9307250186213,138.1364517028823,49.29484878621127
846,176.94525688579347,138.15073562600926,49.314345246471674
847,176.96870082831546,138.30743941604177,49.32744361058474
848,177.05387594987604,138.40713118948713,49.29369900043343
849,177.11566673511035,138.56753430486566,49.28953523152177
850,177.14897047192554,138.5786184137775,49.28399590630976
851,177.5381928327562,138.6570145122919,49.21244008901856
852,177.52597960699853,138.55410367868225,49.238274318606514
853,177.5162065283935,138.59727213584642,49.15432287529192
854,177.34403081574823,138.73365468285948,49.103247876145936
855,177.1421350502482,139.51598281071097,48.20282157334092
856,177.13900360499088,139.7627345027774,47.84033320608481
857,177.01047929802772,140.33115816261375,47.31424701604279
858,176.99702512490592,140.67032994960684,46.691766300083884
859,177.03286192645,141.32658146588946,46.27121180871409
860,177.04574665501698,141.26717600253394,46.10888939556197
861,177.18976897024248,140.82577705392407,46.13277544803885
862,177.29209369616086,140.987924457222,46.15735330745803
863,177.31820883051296,140.76555219443858,46.17506175647093
864,177.36565496333424,141.0431732758347,46.523057662825614
865,177.4320096971559,140.87758190793357,46.7258422601804
866,177.50027798873353,140.78172818893307,46.75739103179999
867,177.80091145638235,140.8859039244068,46.692067808479216
868,177.8539793268497,141.0309805358,46.70907300411296
869,177.86581249996462,141.1244169902797,46.75788326209107
870,177.84498928775608,141.0881909011009,46.835040436090026
871,177.75449915018402,140.88793348269925,47.01587628891956
872,177.72062586525766,140.7168379340618,47.11745952483382
873,177.72256644360934,140.20114562722745,47.23489924795206
874,177.58017878072897,140.18139868624388,47.309895368201715
875,177.09947601637796,140.08741860207252,47.5712099142108
876,177.11936128992437,140.0256624156167,47.571677641154636
877,177.22484893078814,140.29070414288228,47.522538138499606
878,177.2270574272576,140.41673867991497,47.545343123209754
879,177.21124034799803,140.27744975731864,47.560897506360575
880,177.28642775905556,140.24096983060852,47.80664865178384
881,177.58810906069155,140.31212650280156,47.81042819589835
882,177.6339671863061,140.18061839715187,47.8840149684338
883,177.58410987782338,139.57524545217882,47.907918926281155
884,177.68153748264274,139.24899440256488,48.007338005938244
885,177.71100819272422,139.08291066953757,48.05212698981992
886,177.84518337965093,138.91823649225776,48.26120417903795
887,178.0667114653184,138.60000764436526,48.268337278046175
888,178.05467230342094,138.2716600052043,48.26192135096605
889,177.92151989762064,138.2220272504637,48.290772874898494
890,177.92632756911362,138.78061024991695,48.30766935322248
891,177.82424185891742,139.0694802640035,48.37084764801941
892,177.78921851830754,139.38505451978125,48.22610332873227
893,177.74665599153,139.6424231279908,48.16108568206545
894,177.74216776263924,139.73635460739453,48.09811212281397
895,177.65384947143662,139.8109181795463,48.01307020742361
896,177.56091946069378,139.42271083018804,47.97627460866066
897,177.63507476719218,139.12894676096374,48.011246378397594
