frame,nose_x,nose_y,nose_z,left_eye_x,left_eye_y,left_eye_z,right_eye_x,right_eye_y,right_eye_z,left_shoulder_x,left_shoulder_y,left_shoulder_z,right_shoulder_x,right_shoulder_y,right_shoulder_z
0,0.677,0.509,-0.705,0.722,0.47,-0.648,0.648,0.4,-0.679,0.744,0.872,-0.122,0.365,0.82,-0.354
1,0.682,0.509,-0.707,0.723,0.47,-0.648,0.652,0.4,-0.679,0.76,0.875,-0.137,0.366,0.821,-0.354
2,0.684,0.511,-0.703,0.724,0.47,-0.641,0.656,0.402,-0.674,0.764,0.878,-0.136,0.366,0.822,-0.354
3,0.685,0.511,-0.741,0.725,0.47,-0.676,0.657,0.402,-0.708,0.767,0.882,-0.147,0.365,0.823,-0.359
4,0.688,0.512,-0.69,0.727,0.469,-0.626,0.66,0.403,-0.661,0.767,0.886,-0.129,0.364,0.824,-0.361
5,0.688,0.513,-0.691,0.727,0.469,-0.628,0.66,0.403,-0.663,0.769,0.887,-0.13,0.364,0.825,-0.361
6,0.689,0.513,-0.692,0.728,0.469,-0.629,0.661,0.403,-0.663,0.769,0.889,-0.134,0.363,0.826,-0.361
7,0.689,0.513,-0.685,0.729,0.469,-0.621,0.661,0.403,-0.656,0.768,0.889,-0.127,0.363,0.826,-0.353
8,0.691,0.513,-0.686,0.73,0.469,-0.622,0.662,0.404,-0.658,0.767,0.886,-0.116,0.363,0.827,-0.353
9,0.693,0.513,-0.673,0.731,0.468,-0.611,0.664,0.404,-0.647,0.767,0.886,-0.111,0.363,0.827,-0.353
10,0.695,0.513,-0.664,0.732,0.467,-0.603,0.666,0.404,-0.64,0.767,0.883,-0.112,0.364,0.827,-0.353
11,0.695,0.513,-0.649,0.733,0.467,-0.588,0.666,0.403,-0.624,0.766,0.883,-0.111,0.365,0.826,-0.343
12,0.695,0.512,-0.649,0.733,0.466,-0.589,0.666,0.403,-0.622,0.765,0.887,-0.12,0.364,0.825,-0.334
13,0.695,0.511,-0.682,0.733,0.466,-0.62,0.666,0.403,-0.653,0.767,0.887,-0.126,0.364,0.825,-0.336
14,0.694,0.51,-0.678,0.733,0.465,-0.618,0.666,0.402,-0.65,0.772,0.892,-0.146,0.364,0.824,-0.336
15,0.694,0.509,-0.695,0.733,0.465,-0.633,0.666,0.402,-0.664,0.773,0.893,-0.147,0.364,0.823,-0.337
16,0.695,0.509,-0.695,0.733,0.465,-0.633,0.667,0.402,-0.665,0.773,0.893,-0.15,0.364,0.821,-0.337
17,0.695,0.509,-0.717,0.733,0.465,-0.653,0.667,0.402,-0.688,0.771,0.893,-0.16,0.363,0.821,-0.353
18,0.695,0.509,-0.714,0.733,0.465,-0.652,0.667,0.402,-0.687,0.771,0.893,-0.161,0.363,0.819,-0.353
19,0.695,0.508,-0.684,0.733,0.465,-0.631,0.668,0.402,-0.663,0.771,0.89,-0.167,0.363,0.817,-0.345
20,0.695,0.507,-0.719,0.733,0.464,-0.662,0.668,0.402,-0.692,0.771,0.889,-0.185,0.363,0.817,-0.345
21,0.693,0.506,-0.671,0.732,0.463,-0.619,0.666,0.401,-0.647,0.773,0.888,-0.177,0.361,0.817,-0.332
22,0.693,0.502,-0.76,0.732,0.461,-0.698,0.666,0.399,-0.731,0.774,0.889,-0.173,0.361,0.819,-0.363
23,0.692,0.501,-0.757,0.731,0.461,-0.696,0.665,0.398,-0.726,0.775,0.892,-0.171,0.36,0.82,-0.362
24,0.691,0.499,-0.717,0.731,0.46,-0.66,0.665,0.396,-0.688,0.776,0.894,-0.162,0.36,0.821,-0.356
25,0.691,0.499,-0.729,0.731,0.46,-0.668,0.665,0.396,-0.699,0.776,0.894,-0.162,0.359,0.822,-0.363
26,0.691,0.499,-0.695,0.731,0.46,-0.636,0.665,0.397,-0.668,0.777,0.897,-0.159,0.359,0.823,-0.36
27,0.691,0.499,-0.731,0.731,0.459,-0.666,0.665,0.396,-0.7,0.777,0.897,-0.156,0.359,0.824,-0.366
28,0.691,0.498,-0.746,0.731,0.459,-0.679,0.666,0.396,-0.712,0.777,0.899,-0.158,0.36,0.825,-0.365
29,0.692,0.498,-0.837,0.732,0.458,-0.764,0.666,0.396,-0.8,0.777,0.898,-0.173,0.361,0.825,-0.395
30,0.692,0.497,-0.809,0.732,0.458,-0.738,0.667,0.396,-0.774,0.776,0.897,-0.172,0.361,0.825,-0.389
31,0.692,0.497,-0.772,0.732,0.458,-0.698,0.667,0.396,-0.736,0.774,0.896,-0.145,0.362,0.825,-0.373
32,0.693,0.497,-0.773,0.733,0.458,-0.702,0.667,0.396,-0.738,0.774,0.896,-0.146,0.362,0.825,-0.373
33,0.693,0.497,-0.767,0.733,0.458,-0.695,0.667,0.396,-0.731,0.774,0.893,-0.141,0.362,0.825,-0.366
34,0.695,0.499,-0.765,0.734,0.458,-0.694,0.67,0.396,-0.731,0.773,0.888,-0.142,0.363,0.825,-0.368
35,0.696,0.499,-0.764,0.735,0.459,-0.692,0.67,0.397,-0.73,0.773,0.887,-0.13,0.363,0.825,-0.368
36,0.697,0.499,-0.763,0.736,0.459,-0.691,0.671,0.396,-0.729,0.773,0.885,-0.132,0.364,0.825,-0.368
37,0.699,0.494,-0.697,0.737,0.456,-0.627,0.672,0.393,-0.663,0.773,0.884,-0.126,0.364,0.825,-0.353
38,0.699,0.492,-0.618,0.737,0.454,-0.553,0.672,0.39,-0.587,0.772,0.882,-0.094,0.364,0.826,-0.332
39,0.699,0.491,-0.657,0.737,0.453,-0.591,0.672,0.389,-0.624,0.773,0.882,-0.093,0.364,0.828,-0.355
40,0.7,0.49,-0.658,0.738,0.451,-0.59,0.672,0.387,-0.625,0.773,0.883,-0.091,0.364,0.829,-0.353
41,0.7,0.49,-0.665,0.739,0.451,-0.596,0.672,0.387,-0.632,0.772,0.883,-0.09,0.364,0.829,-0.346
42,0.7,0.49,-0.658,0.739,0.451,-0.589,0.672,0.387,-0.623,0.771,0.882,-0.092,0.363,0.829,-0.326
43,0.7,0.49,-0.65,0.737,0.451,-0.583,0.671,0.386,-0.617,0.771,0.877,-0.091,0.363,0.829,-0.313
44,0.699,0.49,-0.657,0.737,0.451,-0.59,0.67,0.387,-0.624,0.771,0.874,-0.092,0.363,0.827,-0.315
45,0.697,0.491,-0.659,0.736,0.452,-0.592,0.668,0.388,-0.625,0.771,0.872,-0.099,0.363,0.827,-0.318
46,0.695,0.491,-0.66,0.735,0.452,-0.593,0.666,0.388,-0.626,0.771,0.872,-0.105,0.363,0.826,-0.317
47,0.693,0.492,-0.672,0.734,0.452,-0.609,0.665,0.388,-0.64,0.771,0.871,-0.118,0.362,0.826,-0.318
48,0.693,0.496,-0.717,0.733,0.454,-0.653,0.665,0.391,-0.688,0.77,0.871,-0.12,0.361,0.826,-0.345
49,0.692,0.496,-0.719,0.733,0.454,-0.654,0.663,0.391,-0.688,0.77,0.868,-0.12,0.361,0.826,-0.345
50,0.691,0.496,-0.705,0.732,0.454,-0.644,0.663,0.391,-0.677,0.77,0.867,-0.12,0.361,0.826,-0.343
51,0.69,0.496,-0.682,0.731,0.454,-0.622,0.662,0.39,-0.654,0.769,0.867,-0.115,0.36,0.824,-0.335
52,0.69,0.496,-0.676,0.731,0.453,-0.617,0.662,0.39,-0.652,0.769,0.862,-0.111,0.362,0.821,-0.342
53,0.69,0.496,-0.675,0.731,0.453,-0.616,0.661,0.39,-0.65,0.769,0.862,-0.132,0.363,0.821,-0.344
54,0.69,0.496,-0.676,0.731,0.451,-0.617,0.661,0.39,-0.65,0.771,0.862,-0.143,0.363,0.82,-0.338
55,0.69,0.496,-0.676,0.73,0.45,-0.617,0.661,0.39,-0.65,0.772,0.862,-0.144,0.363,0.82,-0.331
56,0.689,0.496,-0.698,0.73,0.45,-0.636,0.66,0.39,-0.668,0.773,0.862,-0.146,0.363,0.82,-0.332
57,0.689,0.496,-0.71,0.729,0.45,-0.647,0.66,0.389,-0.68,0.773,0.862,-0.144,0.364,0.82,-0.336
58,0.689,0.496,-0.728,0.729,0.45,-0.665,0.66,0.389,-0.698,0.773,0.862,-0.143,0.364,0.82,-0.346
59,0.688,0.495,-0.708,0.729,0.449,-0.647,0.659,0.388,-0.679,0.774,0.863,-0.138,0.363,0.82,-0.344
60,0.688,0.495,-0.686,0.729,0.449,-0.626,0.658,0.388,-0.657,0.773,0.863,-0.132,0.363,0.82,-0.339
61,0.687,0.496,-0.679,0.729,0.45,-0.618,0.658,0.389,-0.651,0.771,0.863,-0.13,0.362,0.82,-0.338
62,0.688,0.496,-0.676,0.729,0.45,-0.614,0.659,0.39,-0.648,0.767,0.86,-0.122,0.362,0.82,-0.342
63,0.688,0.497,-0.676,0.729,0.451,-0.614,0.659,0.391,-0.648,0.764,0.857,-0.111,0.362,0.82,-0.337
64,0.689,0.498,-0.65,0.729,0.452,-0.592,0.66,0.392,-0.628,0.758,0.849,-0.077,0.362,0.817,-0.33
65,0.689,0.497,-0.66,0.729,0.451,-0.598,0.66,0.392,-0.635,0.755,0.849,-0.085,0.362,0.815,-0.335
66,0.689,0.496,-0.664,0.729,0.45,-0.599,0.659,0.392,-0.635,0.755,0.849,-0.089,0.362,0.814,-0.331
67,0.689,0.495,-0.677,0.729,0.45,-0.611,0.659,0.391,-0.646,0.756,0.849,-0.097,0.362,0.814,-0.328
68,0.689,0.494,-0.682,0.729,0.45,-0.615,0.659,0.391,-0.649,0.756,0.85,-0.104,0.362,0.814,-0.327
69,0.689,0.494,-0.687,0.729,0.45,-0.62,0.659,0.391,-0.653,0.756,0.85,-0.107,0.361,0.814,-0.325
70,0.689,0.494,-0.685,0.729,0.449,-0.619,0.659,0.391,-0.652,0.756,0.85,-0.111,0.361,0.814,-0.317
71,0.689,0.493,-0.665,0.729,0.449,-0.602,0.659,0.391,-0.633,0.756,0.85,-0.11,0.361,0.814,-0.31
72,0.689,0.493,-0.639,0.729,0.449,-0.576,0.659,0.391,-0.607,0.757,0.851,-0.108,0.361,0.814,-0.308
73,0.689,0.493,-0.645,0.729,0.449,-0.583,0.658,0.391,-0.613,0.757,0.856,-0.111,0.36,0.814,-0.306
74,0.689,0.491,-0.646,0.729,0.446,-0.585,0.658,0.389,-0.615,0.761,0.863,-0.111,0.36,0.814,-0.307
75,0.69,0.491,-0.649,0.729,0.446,-0.587,0.658,0.39,-0.617,0.761,0.868,-0.111,0.36,0.814,-0.31
76,0.69,0.492,-0.65,0.729,0.446,-0.588,0.659,0.39,-0.619,0.764,0.881,-0.112,0.359,0.817,-0.317
77,0.691,0.492,-0.647,0.73,0.447,-0.586,0.66,0.39,-0.617,0.765,0.883,-0.119,0.359,0.817,-0.317
78,0.692,0.493,-0.642,0.73,0.448,-0.579,0.662,0.391,-0.611,0.765,0.883,-0.105,0.359,0.817,-0.314
79,0.693,0.493,-0.643,0.731,0.448,-0.58,0.663,0.391,-0.612,0.764,0.883,-0.105,0.359,0.817,-0.314
80,0.693,0.493,-0.643,0.731,0.448,-0.58,0.663,0.391,-0.613,0.764,0.882,-0.103,0.359,0.817,-0.32
81,0.693,0.493,-0.649,0.731,0.448,-0.585,0.663,0.391,-0.618,0.764,0.881,-0.103,0.36,0.817,-0.313
82,0.694,0.493,-0.66,0.731,0.448,-0.596,0.664,0.391,-0.632,0.764,0.879,-0.1,0.36,0.818,-0.326
83,0.694,0.494,-0.652,0.731,0.448,-0.588,0.664,0.391,-0.623,0.763,0.878,-0.098,0.361,0.818,-0.322
84,0.694,0.494,-0.639,0.731,0.448,-0.576,0.664,0.392,-0.611,0.763,0.878,-0.096,0.361,0.818,-0.318
85,0.694,0.494,-0.629,0.731,0.448,-0.565,0.664,0.392,-0.6,0.763,0.876,-0.088,0.361,0.818,-0.316
86,0.694,0.495,-0.63,0.731,0.448,-0.565,0.664,0.393,-0.601,0.762,0.872,-0.089,0.362,0.818,-0.319
87,0.694,0.495,-0.636,0.731,0.448,-0.572,0.664,0.393,-0.609,0.762,0.871,-0.092,0.362,0.818,-0.323
88,0.694,0.495,-0.665,0.731,0.448,-0.602,0.664,0.393,-0.638,0.764,0.871,-0.1,0.362,0.818,-0.341
89,0.694,0.495,-0.681,0.731,0.448,-0.619,0.664,0.393,-0.653,0.765,0.871,-0.113,0.362,0.818,-0.342
90,0.694,0.494,-0.683,0.731,0.447,-0.62,0.664,0.393,-0.655,0.766,0.871,-0.119,0.362,0.818,-0.342
91,0.692,0.494,-0.699,0.73,0.447,-0.637,0.663,0.393,-0.671,0.768,0.873,-0.129,0.361,0.818,-0.356
92,0.691,0.494,-0.717,0.73,0.447,-0.654,0.662,0.393,-0.689,0.768,0.873,-0.141,0.36,0.818,-0.363
93,0.69,0.494,-0.75,0.729,0.447,-0.686,0.661,0.392,-0.721,0.77,0.874,-0.158,0.359,0.818,-0.381
94,0.689,0.494,-0.761,0.729,0.447,-0.697,0.66,0.393,-0.733,0.77,0.873,-0.169,0.36,0.818,-0.384
95,0.688,0.494,-0.744,0.729,0.447,-0.681,0.659,0.393,-0.716,0.77,0.874,-0.161,0.359,0.818,-0.378
96,0.688,0.494,-0.741,0.728,0.447,-0.678,0.659,0.393,-0.715,0.77,0.872,-0.157,0.359,0.818,-0.377
97,0.687,0.494,-0.733,0.728,0.447,-0.672,0.659,0.392,-0.707,0.77,0.873,-0.145,0.358,0.818,-0.373
98,0.687,0.494,-0.715,0.728,0.447,-0.652,0.659,0.392,-0.687,0.769,0.872,-0.131,0.358,0.818,-0.356
99,0.688,0.494,-0.707,0.728,0.447,-0.643,0.659,0.392,-0.678,0.769,0.872,-0.125,0.359,0.818,-0.348
100,0.687,0.494,-0.647,0.728,0.448,-0.587,0.658,0.392,-0.617,0.768,0.872,-0.113,0.359,0.817,-0.318
101,0.686,0.494,-0.658,0.727,0.448,-0.598,0.658,0.393,-0.629,0.767,0.872,-0.114,0.359,0.817,-0.322
102,0.686,0.494,-0.664,0.727,0.448,-0.603,0.658,0.393,-0.635,0.765,0.871,-0.11,0.36,0.817,-0.321
103,0.686,0.494,-0.65,0.727,0.449,-0.591,0.657,0.393,-0.623,0.764,0.87,-0.111,0.36,0.816,-0.313
104,0.686,0.495,-0.656,0.727,0.45,-0.597,0.657,0.395,-0.628,0.763,0.869,-0.116,0.36,0.816,-0.307
105,0.686,0.496,-0.659,0.727,0.451,-0.599,0.657,0.396,-0.631,0.762,0.869,-0.119,0.36,0.816,-0.309
106,0.686,0.497,-0.667,0.727,0.452,-0.608,0.657,0.397,-0.639,0.761,0.87,-0.123,0.36,0.816,-0.31
107,0.686,0.497,-0.666,0.727,0.452,-0.606,0.657,0.397,-0.638,0.76,0.87,-0.119,0.36,0.816,-0.312
108,0.686,0.498,-0.66,0.727,0.453,-0.601,0.657,0.398,-0.632,0.76,0.869,-0.116,0.36,0.816,-0.311
109,0.685,0.498,-0.662,0.726,0.453,-0.603,0.657,0.399,-0.635,0.76,0.87,-0.116,0.36,0.816,-0.312
110,0.685,0.499,-0.66,0.726,0.453,-0.601,0.657,0.399,-0.633,0.76,0.87,-0.109,0.36,0.816,-0.312
111,0.685,0.499,-0.66,0.726,0.453,-0.601,0.657,0.399,-0.633,0.762,0.87,-0.106,0.36,0.817,-0.312
112,0.685,0.498,-0.677,0.726,0.453,-0.615,0.657,0.398,-0.646,0.762,0.87,-0.107,0.36,0.817,-0.31
113,0.684,0.498,-0.68,0.726,0.453,-0.617,0.657,0.397,-0.648,0.763,0.87,-0.101,0.361,0.817,-0.308
114,0.684,0.498,-0.684,0.726,0.453,-0.621,0.657,0.396,-0.651,0.765,0.875,-0.109,0.361,0.818,-0.309
115,0.684,0.498,-0.686,0.726,0.453,-0.623,0.657,0.396,-0.655,0.765,0.875,-0.107,0.362,0.818,-0.32
116,0.684,0.498,-0.694,0.726,0.453,-0.631,0.657,0.395,-0.661,0.766,0.875,-0.116,0.362,0.817,-0.321
117,0.683,0.498,-0.689,0.726,0.453,-0.628,0.657,0.395,-0.657,0.766,0.875,-0.116,0.362,0.817,-0.319
118,0.683,0.499,-0.687,0.726,0.453,-0.627,0.657,0.396,-0.656,0.766,0.875,-0.117,0.362,0.817,-0.319
119,0.683,0.499,-0.702,0.726,0.453,-0.641,0.656,0.396,-0.672,0.767,0.875,-0.119,0.363,0.817,-0.337
120,0.683,0.499,-0.705,0.726,0.453,-0.645,0.656,0.396,-0.676,0.767,0.875,-0.125,0.363,0.818,-0.349
121,0.683,0.499,-0.68,0.726,0.454,-0.62,0.656,0.396,-0.652,0.767,0.875,-0.117,0.362,0.818,-0.33
122,0.683,0.499,-0.678,0.726,0.454,-0.618,0.656,0.396,-0.649,0.767,0.876,-0.121,0.362,0.818,-0.329
123,0.683,0.499,-0.675,0.726,0.454,-0.615,0.656,0.396,-0.647,0.766,0.874,-0.112,0.362,0.818,-0.32
124,0.683,0.5,-0.677,0.726,0.455,-0.618,0.657,0.396,-0.65,0.765,0.874,-0.112,0.362,0.818,-0.321
125,0.683,0.5,-0.695,0.726,0.455,-0.634,0.657,0.396,-0.666,0.764,0.872,-0.112,0.362,0.818,-0.322
126,0.683,0.5,-0.706,0.726,0.455,-0.645,0.657,0.396,-0.676,0.764,0.871,-0.118,0.362,0.818,-0.322
127,0.683,0.502,-0.715,0.726,0.455,-0.652,0.657,0.397,-0.683,0.764,0.871,-0.119,0.362,0.817,-0.322
128,0.683,0.502,-0.712,0.726,0.456,-0.65,0.657,0.397,-0.681,0.763,0.869,-0.123,0.362,0.817,-0.317
129,0.685,0.503,-0.731,0.727,0.457,-0.667,0.658,0.397,-0.701,0.762,0.865,-0.125,0.362,0.817,-0.324
130,0.686,0.504,-0.745,0.727,0.458,-0.681,0.659,0.398,-0.715,0.761,0.863,-0.132,0.362,0.817,-0.337
131,0.688,0.504,-0.759,0.728,0.459,-0.692,0.66,0.398,-0.727,0.761,0.863,-0.132,0.362,0.817,-0.342
132,0.689,0.505,-0.766,0.729,0.459,-0.698,0.661,0.398,-0.733,0.761,0.863,-0.131,0.362,0.817,-0.344
133,0.689,0.505,-0.76,0.729,0.459,-0.694,0.661,0.399,-0.728,0.762,0.864,-0.136,0.362,0.817,-0.347
134,0.689,0.506,-0.756,0.729,0.46,-0.69,0.661,0.399,-0.724,0.762,0.864,-0.141,0.363,0.817,-0.346
135,0.689,0.507,-0.772,0.73,0.461,-0.706,0.661,0.401,-0.74,0.762,0.864,-0.151,0.363,0.817,-0.353
136,0.69,0.507,-0.767,0.73,0.461,-0.702,0.662,0.401,-0.735,0.762,0.864,-0.15,0.362,0.817,-0.352
137,0.691,0.508,-0.763,0.73,0.461,-0.698,0.662,0.402,-0.731,0.762,0.864,-0.148,0.362,0.817,-0.351
138,0.691,0.508,-0.761,0.73,0.461,-0.697,0.663,0.402,-0.73,0.762,0.864,-0.15,0.362,0.817,-0.348
139,0.692,0.509,-0.753,0.731,0.462,-0.688,0.663,0.403,-0.723,0.761,0.864,-0.148,0.362,0.818,-0.348
140,0.692,0.51,-0.757,0.731,0.462,-0.692,0.663,0.403,-0.728,0.761,0.864,-0.148,0.362,0.818,-0.352
141,0.692,0.51,-0.747,0.732,0.462,-0.682,0.664,0.403,-0.716,0.761,0.864,-0.145,0.362,0.818,-0.346
142,0.692,0.51,-0.725,0.731,0.462,-0.662,0.663,0.403,-0.696,0.761,0.864,-0.128,0.362,0.818,-0.332
143,0.691,0.51,-0.726,0.731,0.462,-0.663,0.663,0.403,-0.697,0.76,0.864,-0.128,0.362,0.817,-0.333
144,0.691,0.51,-0.719,0.731,0.462,-0.656,0.663,0.403,-0.689,0.76,0.864,-0.12,0.361,0.817,-0.332
145,0.691,0.51,-0.718,0.731,0.462,-0.655,0.663,0.403,-0.688,0.76,0.864,-0.117,0.36,0.817,-0.332
146,0.691,0.51,-0.706,0.731,0.462,-0.644,0.662,0.403,-0.677,0.759,0.864,-0.108,0.36,0.817,-0.327
147,0.691,0.51,-0.708,0.731,0.462,-0.646,0.662,0.404,-0.679,0.759,0.863,-0.115,0.36,0.817,-0.327
148,0.691,0.51,-0.706,0.731,0.462,-0.644,0.662,0.404,-0.678,0.759,0.866,-0.113,0.36,0.817,-0.328
149,0.691,0.51,-0.698,0.731,0.462,-0.637,0.662,0.404,-0.669,0.759,0.867,-0.113,0.36,0.817,-0.323
150,0.691,0.51,-0.716,0.731,0.462,-0.656,0.662,0.404,-0.688,0.759,0.866,-0.119,0.36,0.818,-0.326
151,0.69,0.51,-0.701,0.731,0.462,-0.642,0.661,0.404,-0.674,0.761,0.867,-0.12,0.36,0.818,-0.326
152,0.69,0.51,-0.704,0.731,0.462,-0.644,0.661,0.404,-0.676,0.761,0.869,-0.124,0.36,0.818,-0.332
153,0.69,0.51,-0.691,0.731,0.462,-0.634,0.661,0.404,-0.666,0.763,0.871,-0.126,0.36,0.818,-0.335
154,0.69,0.51,-0.68,0.731,0.462,-0.62,0.661,0.404,-0.653,0.763,0.871,-0.114,0.36,0.818,-0.331
155,0.69,0.51,-0.679,0.731,0.462,-0.618,0.661,0.404,-0.651,0.763,0.873,-0.11,0.361,0.818,-0.324
156,0.689,0.51,-0.682,0.73,0.462,-0.621,0.66,0.404,-0.654,0.763,0.876,-0.119,0.361,0.818,-0.321
157,0.689,0.51,-0.705,0.73,0.462,-0.645,0.66,0.404,-0.677,0.763,0.876,-0.141,0.361,0.817,-0.332
158,0.689,0.51,-0.722,0.73,0.462,-0.661,0.66,0.404,-0.693,0.763,0.876,-0.142,0.361,0.817,-0.337
159,0.689,0.51,-0.724,0.73,0.462,-0.663,0.66,0.403,-0.696,0.764,0.877,-0.14,0.361,0.817,-0.346
160,0.69,0.51,-0.694,0.731,0.462,-0.635,0.66,0.404,-0.669,0.764,0.876,-0.135,0.361,0.817,-0.342
161,0.69,0.51,-0.722,0.731,0.462,-0.659,0.66,0.404,-0.694,0.764,0.875,-0.133,0.361,0.817,-0.348
162,0.69,0.51,-0.729,0.731,0.462,-0.665,0.66,0.404,-0.701,0.763,0.875,-0.133,0.361,0.817,-0.35
163,0.69,0.51,-0.728,0.73,0.462,-0.664,0.66,0.404,-0.701,0.763,0.874,-0.127,0.361,0.817,-0.35
164,0.69,0.51,-0.727,0.73,0.462,-0.662,0.66,0.405,-0.699,0.763,0.873,-0.127,0.361,0.817,-0.349
165,0.691,0.51,-0.701,0.731,0.462,-0.637,0.661,0.405,-0.674,0.763,0.873,-0.114,0.361,0.817,-0.345
166,0.691,0.51,-0.702,0.731,0.463,-0.638,0.662,0.405,-0.674,0.762,0.872,-0.113,0.361,0.816,-0.343
167,0.691,0.509,-0.704,0.731,0.463,-0.639,0.662,0.404,-0.677,0.761,0.87,-0.112,0.361,0.816,-0.344
168,0.692,0.509,-0.702,0.731,0.463,-0.639,0.662,0.404,-0.675,0.76,0.871,-0.113,0.361,0.816,-0.344
169,0.692,0.509,-0.718,0.731,0.463,-0.654,0.662,0.404,-0.689,0.76,0.87,-0.119,0.362,0.816,-0.344
170,0.692,0.509,-0.711,0.731,0.462,-0.647,0.662,0.404,-0.682,0.76,0.87,-0.115,0.362,0.816,-0.336
171,0.692,0.509,-0.735,0.731,0.462,-0.667,0.662,0.404,-0.703,0.76,0.87,-0.114,0.362,0.816,-0.341
172,0.692,0.508,-0.734,0.731,0.462,-0.667,0.662,0.403,-0.702,0.76,0.87,-0.125,0.362,0.816,-0.342
173,0.692,0.508,-0.738,0.731,0.462,-0.672,0.662,0.402,-0.706,0.76,0.87,-0.134,0.362,0.816,-0.343
174,0.691,0.508,-0.738,0.731,0.462,-0.673,0.662,0.402,-0.706,0.76,0.87,-0.138,0.362,0.815,-0.341
175,0.691,0.507,-0.738,0.731,0.461,-0.674,0.662,0.402,-0.707,0.76,0.869,-0.138,0.362,0.815,-0.345
176,0.691,0.507,-0.738,0.731,0.461,-0.674,0.662,0.402,-0.706,0.761,0.869,-0.14,0.362,0.815,-0.345
177,0.692,0.507,-0.734,0.731,0.461,-0.669,0.663,0.401,-0.702,0.761,0.87,-0.132,0.362,0.815,-0.345
178,0.692,0.507,-0.734,0.731,0.461,-0.668,0.663,0.401,-0.702,0.761,0.87,-0.131,0.362,0.815,-0.346
179,0.692,0.507,-0.734,0.731,0.461,-0.668,0.663,0.401,-0.702,0.761,0.87,-0.136,0.362,0.815,-0.346
180,0.692,0.507,-0.732,0.731,0.461,-0.667,0.663,0.401,-0.699,0.763,0.872,-0.14,0.362,0.815,-0.343
181,0.692,0.507,-0.73,0.731,0.461,-0.665,0.663,0.401,-0.697,0.763,0.872,-0.139,0.362,0.815,-0.34
182,0.692,0.507,-0.73,0.731,0.461,-0.665,0.663,0.401,-0.697,0.763,0.872,-0.137,0.362,0.815,-0.338
183,0.692,0.507,-0.73,0.731,0.461,-0.665,0.663,0.401,-0.697,0.764,0.872,-0.137,0.362,0.815,-0.338
184,0.691,0.507,-0.724,0.731,0.462,-0.66,0.663,0.401,-0.691,0.764,0.872,-0.137,0.362,0.815,-0.334
185,0.691,0.507,-0.721,0.731,0.461,-0.657,0.663,0.401,-0.688,0.764,0.875,-0.133,0.362,0.815,-0.334
186,0.692,0.507,-0.717,0.731,0.462,-0.654,0.663,0.401,-0.686,0.764,0.875,-0.132,0.362,0.815,-0.334
187,0.692,0.507,-0.708,0.731,0.462,-0.645,0.663,0.401,-0.676,0.764,0.878,-0.132,0.361,0.815,-0.331
188,0.692,0.507,-0.703,0.731,0.462,-0.641,0.663,0.401,-0.671,0.765,0.879,-0.13,0.361,0.815,-0.328
189,0.692,0.507,-0.681,0.731,0.462,-0.62,0.663,0.401,-0.652,0.765,0.879,-0.118,0.361,0.815,-0.325
190,0.692,0.507,-0.674,0.732,0.462,-0.611,0.664,0.402,-0.644,0.764,0.879,-0.1,0.361,0.816,-0.323
191,0.692,0.508,-0.686,0.732,0.462,-0.622,0.664,0.402,-0.657,0.764,0.878,-0.102,0.361,0.816,-0.331
192,0.692,0.508,-0.726,0.732,0.462,-0.661,0.664,0.402,-0.696,0.764,0.879,-0.131,0.36,0.816,-0.358
193,0.692,0.507,-0.735,0.732,0.462,-0.669,0.664,0.402,-0.704,0.765,0.88,-0.133,0.36,0.816,-0.359
194,0.692,0.508,-0.705,0.732,0.462,-0.639,0.664,0.402,-0.674,0.765,0.88,-0.114,0.36,0.817,-0.348
195,0.692,0.507,-0.693,0.732,0.462,-0.628,0.664,0.402,-0.661,0.765,0.88,-0.114,0.36,0.817,-0.337
196,0.693,0.507,-0.689,0.732,0.462,-0.624,0.664,0.402,-0.658,0.765,0.88,-0.114,0.36,0.817,-0.335
197,0.694,0.507,-0.69,0.733,0.462,-0.625,0.665,0.401,-0.659,0.765,0.88,-0.114,0.359,0.817,-0.333
198,0.694,0.508,-0.67,0.733,0.462,-0.606,0.665,0.402,-0.639,0.765,0.88,-0.11,0.359,0.818,-0.327
199,0.695,0.508,-0.705,0.733,0.462,-0.639,0.665,0.402,-0.675,0.764,0.877,-0.115,0.359,0.818,-0.341
200,0.695,0.508,-0.708,0.733,0.462,-0.643,0.666,0.402,-0.678,0.764,0.876,-0.119,0.359,0.818,-0.339
201,0.695,0.509,-0.707,0.733,0.462,-0.643,0.666,0.402,-0.678,0.764,0.875,-0.12,0.36,0.818,-0.338
202,0.696,0.51,-0.708,0.733,0.462,-0.643,0.667,0.402,-0.679,0.764,0.874,-0.12,0.36,0.818,-0.338
203,0.696,0.511,-0.708,0.733,0.462,-0.643,0.667,0.403,-0.678,0.764,0.873,-0.121,0.36,0.818,-0.341
204,0.695,0.511,-0.708,0.733,0.463,-0.643,0.667,0.403,-0.678,0.764,0.873,-0.12,0.36,0.818,-0.335
205,0.695,0.512,-0.722,0.733,0.463,-0.657,0.666,0.403,-0.692,0.764,0.873,-0.126,0.36,0.818,-0.341
206,0.695,0.513,-0.721,0.733,0.464,-0.656,0.666,0.404,-0.69,0.764,0.873,-0.126,0.36,0.818,-0.339
207,0.695,0.514,-0.742,0.733,0.465,-0.677,0.666,0.405,-0.713,0.763,0.873,-0.129,0.36,0.819,-0.355
208,0.695,0.515,-0.737,0.733,0.466,-0.672,0.666,0.406,-0.708,0.763,0.874,-0.13,0.359,0.819,-0.353
209,0.695,0.518,-0.749,0.733,0.468,-0.683,0.666,0.407,-0.72,0.76,0.869,-0.12,0.359,0.819,-0.355
210,0.695,0.518,-0.773,0.733,0.469,-0.708,0.666,0.408,-0.745,0.76,0.865,-0.134,0.359,0.818,-0.365
211,0.695,0.519,-0.764,0.734,0.471,-0.698,0.667,0.408,-0.735,0.759,0.865,-0.141,0.359,0.818,-0.358
212,0.695,0.519,-0.758,0.734,0.471,-0.693,0.667,0.408,-0.729,0.76,0.865,-0.147,0.359,0.818,-0.357
213,0.696,0.519,-0.746,0.735,0.471,-0.682,0.668,0.408,-0.717,0.76,0.866,-0.146,0.359,0.818,-0.349
214,0.696,0.519,-0.738,0.735,0.471,-0.675,0.668,0.408,-0.708,0.76,0.866,-0.145,0.358,0.819,-0.339
215,0.696,0.518,-0.744,0.735,0.471,-0.682,0.668,0.408,-0.716,0.761,0.866,-0.146,0.357,0.819,-0.345
216,0.697,0.518,-0.73,0.735,0.47,-0.668,0.669,0.408,-0.702,0.762,0.867,-0.146,0.357,0.819,-0.343
217,0.697,0.517,-0.688,0.736,0.469,-0.63,0.669,0.407,-0.661,0.762,0.867,-0.142,0.358,0.819,-0.326
218,0.698,0.516,-0.696,0.736,0.469,-0.636,0.67,0.407,-0.668,0.763,0.867,-0.141,0.358,0.819,-0.326
219,0.698,0.516,-0.692,0.736,0.469,-0.632,0.67,0.407,-0.665,0.763,0.867,-0.139,0.358,0.818,-0.324
220,0.698,0.515,-0.696,0.736,0.468,-0.635,0.67,0.407,-0.668,0.764,0.868,-0.141,0.358,0.818,-0.324
221,0.698,0.515,-0.689,0.737,0.468,-0.629,0.67,0.407,-0.661,0.764,0.868,-0.14,0.358,0.818,-0.322
222,0.698,0.515,-0.688,0.737,0.468,-0.627,0.671,0.407,-0.661,0.764,0.866,-0.128,0.359,0.818,-0.323
223,0.698,0.515,-0.688,0.737,0.468,-0.627,0.67,0.406,-0.661,0.764,0.865,-0.124,0.359,0.817,-0.319
224,0.698,0.515,-0.688,0.737,0.468,-0.627,0.67,0.406,-0.662,0.764,0.865,-0.134,0.359,0.816,-0.316
225,0.698,0.514,-0.694,0.737,0.468,-0.632,0.67,0.406,-0.665,0.764,0.866,-0.134,0.359,0.816,-0.316
226,0.698,0.514,-0.711,0.737,0.468,-0.648,0.67,0.405,-0.682,0.764,0.866,-0.135,0.359,0.816,-0.324
227,0.698,0.514,-0.715,0.737,0.468,-0.653,0.67,0.405,-0.686,0.764,0.866,-0.14,0.359,0.816,-0.326
228,0.698,0.514,-0.715,0.737,0.468,-0.653,0.67,0.405,-0.685,0.764,0.866,-0.131,0.36,0.816,-0.325
229,0.698,0.515,-0.728,0.737,0.469,-0.665,0.67,0.405,-0.698,0.764,0.866,-0.137,0.36,0.816,-0.339
230,0.697,0.515,-0.722,0.737,0.469,-0.66,0.669,0.405,-0.692,0.763,0.866,-0.138,0.36,0.816,-0.328
231,0.697,0.516,-0.755,0.737,0.47,-0.691,0.669,0.406,-0.725,0.762,0.865,-0.143,0.36,0.816,-0.343
232,0.697,0.516,-0.755,0.737,0.471,-0.691,0.669,0.406,-0.726,0.761,0.864,-0.143,0.36,0.816,-0.354
233,0.697,0.516,-0.751,0.737,0.47,-0.687,0.669,0.406,-0.722,0.761,0.864,-0.138,0.361,0.816,-0.352
234,0.697,0.516,-0.75,0.737,0.469,-0.686,0.669,0.405,-0.72,0.761,0.864,-0.138,0.362,0.816,-0.35
235,0.697,0.516,-0.74,0.737,0.469,-0.678,0.669,0.405,-0.711,0.762,0.864,-0.138,0.363,0.816,-0.349
236,0.697,0.516,-0.712,0.737,0.469,-0.651,0.669,0.405,-0.684,0.762,0.863,-0.12,0.364,0.816,-0.32
237,0.697,0.516,-0.736,0.737,0.469,-0.673,0.669,0.405,-0.706,0.762,0.863,-0.127,0.364,0.815,-0.338
238,0.697,0.515,-0.738,0.738,0.468,-0.674,0.669,0.405,-0.708,0.762,0.863,-0.131,0.364,0.815,-0.345
239,0.698,0.516,-0.747,0.738,0.468,-0.682,0.67,0.405,-0.718,0.762,0.863,-0.13,0.364,0.815,-0.363
240,0.698,0.515,-0.753,0.738,0.468,-0.687,0.67,0.405,-0.723,0.762,0.864,-0.131,0.364,0.815,-0.367
241,0.698,0.515,-0.728,0.738,0.467,-0.662,0.67,0.405,-0.698,0.763,0.865,-0.127,0.364,0.816,-0.363
242,0.698,0.515,-0.719,0.738,0.466,-0.654,0.67,0.404,-0.689,0.763,0.866,-0.129,0.364,0.816,-0.359
243,0.698,0.515,-0.718,0.738,0.466,-0.654,0.67,0.404,-0.688,0.763,0.866,-0.137,0.364,0.816,-0.353
244,0.698,0.514,-0.709,0.738,0.466,-0.645,0.67,0.404,-0.68,0.764,0.867,-0.131,0.363,0.816,-0.349
245,0.698,0.515,-0.705,0.738,0.466,-0.643,0.67,0.404,-0.677,0.763,0.866,-0.131,0.363,0.816,-0.351
246,0.698,0.515,-0.707,0.738,0.466,-0.644,0.67,0.404,-0.679,0.763,0.866,-0.131,0.363,0.816,-0.347
247,0.698,0.514,-0.708,0.738,0.466,-0.645,0.67,0.403,-0.679,0.763,0.865,-0.129,0.363,0.816,-0.345
248,0.698,0.514,-0.713,0.738,0.466,-0.649,0.67,0.403,-0.684,0.763,0.865,-0.129,0.364,0.816,-0.346
249,0.698,0.514,-0.715,0.738,0.466,-0.65,0.67,0.403,-0.685,0.763,0.866,-0.13,0.364,0.816,-0.347
250,0.698,0.514,-0.716,0.738,0.466,-0.652,0.67,0.403,-0.686,0.764,0.866,-0.133,0.364,0.815,-0.348
251,0.698,0.515,-0.721,0.738,0.467,-0.659,0.67,0.404,-0.692,0.763,0.865,-0.147,0.364,0.815,-0.35
252,0.698,0.515,-0.729,0.738,0.468,-0.666,0.67,0.404,-0.699,0.763,0.865,-0.15,0.364,0.814,-0.347
253,0.698,0.515,-0.726,0.738,0.469,-0.663,0.67,0.404,-0.695,0.763,0.866,-0.144,0.364,0.814,-0.338
254,0.698,0.515,-0.732,0.738,0.47,-0.669,0.67,0.404,-0.701,0.763,0.866,-0.152,0.364,0.814,-0.336
255,0.698,0.514,-0.737,0.738,0.47,-0.673,0.669,0.403,-0.706,0.763,0.866,-0.157,0.364,0.813,-0.337
256,0.698,0.513,-0.744,0.739,0.469,-0.679,0.67,0.403,-0.713,0.763,0.865,-0.156,0.364,0.812,-0.338
257,0.698,0.513,-0.746,0.739,0.469,-0.681,0.67,0.403,-0.715,0.763,0.864,-0.157,0.364,0.812,-0.342
258,0.698,0.512,-0.746,0.739,0.469,-0.681,0.67,0.402,-0.715,0.763,0.863,-0.159,0.364,0.812,-0.342
259,0.699,0.513,-0.754,0.739,0.469,-0.691,0.67,0.403,-0.724,0.763,0.862,-0.17,0.363,0.812,-0.345
260,0.699,0.513,-0.752,0.739,0.469,-0.689,0.67,0.403,-0.723,0.763,0.862,-0.169,0.363,0.812,-0.343
261,0.699,0.513,-0.756,0.74,0.469,-0.693,0.67,0.403,-0.727,0.763,0.862,-0.169,0.363,0.812,-0.343
262,0.699,0.512,-0.729,0.74,0.469,-0.666,0.67,0.402,-0.698,0.763,0.862,-0.154,0.363,0.812,-0.324
263,0.699,0.512,-0.764,0.74,0.469,-0.699,0.67,0.402,-0.731,0.764,0.862,-0.16,0.362,0.812,-0.335
264,0.698,0.511,-0.761,0.74,0.469,-0.698,0.67,0.402,-0.727,0.765,0.862,-0.164,0.362,0.812,-0.326
265,0.698,0.511,-0.761,0.74,0.469,-0.698,0.67,0.401,-0.727,0.765,0.862,-0.164,0.361,0.813,-0.327
266,0.698,0.509,-0.752,0.74,0.468,-0.69,0.67,0.4,-0.719,0.766,0.862,-0.165,0.361,0.813,-0.326
267,0.698,0.509,-0.74,0.74,0.468,-0.679,0.67,0.4,-0.709,0.766,0.862,-0.162,0.361,0.813,-0.316
268,0.699,0.51,-0.721,0.74,0.469,-0.66,0.671,0.401,-0.691,0.766,0.862,-0.157,0.36,0.813,-0.315
269,0.7,0.51,-0.71,0.741,0.47,-0.649,0.672,0.402,-0.681,0.766,0.863,-0.156,0.36,0.813,-0.315
270,0.702,0.511,-0.689,0.741,0.471,-0.626,0.674,0.404,-0.662,0.765,0.862,-0.117,0.361,0.813,-0.316
271,0.703,0.512,-0.696,0.741,0.472,-0.633,0.676,0.406,-0.668,0.765,0.859,-0.119,0.361,0.812,-0.321
272,0.704,0.513,-0.684,0.742,0.473,-0.624,0.677,0.407,-0.659,0.763,0.857,-0.119,0.361,0.812,-0.321
273,0.705,0.514,-0.69,0.742,0.474,-0.629,0.679,0.408,-0.663,0.762,0.856,-0.118,0.362,0.812,-0.329
274,0.706,0.514,-0.662,0.742,0.474,-0.6,0.68,0.408,-0.638,0.759,0.855,-0.109,0.362,0.813,-0.325
275,0.709,0.515,-0.64,0.743,0.474,-0.578,0.682,0.41,-0.619,0.757,0.855,-0.082,0.362,0.813,-0.339
276,0.711,0.517,-0.648,0.744,0.474,-0.587,0.684,0.412,-0.623,0.755,0.854,-0.09,0.362,0.815,-0.364
277,0.711,0.519,-0.676,0.744,0.475,-0.614,0.684,0.414,-0.657,0.754,0.853,-0.096,0.362,0.815,-0.369
278,0.711,0.522,-0.696,0.745,0.476,-0.632,0.684,0.416,-0.679,0.754,0.852,-0.099,0.362,0.816,-0.381
279,0.711,0.522,-0.715,0.745,0.476,-0.649,0.684,0.416,-0.695,0.754,0.852,-0.101,0.362,0.816,-0.375
280,0.712,0.524,-0.708,0.745,0.476,-0.644,0.685,0.418,-0.689,0.754,0.851,-0.101,0.362,0.817,-0.373
281,0.712,0.526,-0.714,0.746,0.477,-0.649,0.685,0.418,-0.694,0.754,0.851,-0.102,0.362,0.817,-0.373
282,0.712,0.527,-0.725,0.746,0.477,-0.66,0.685,0.419,-0.704,0.754,0.852,-0.106,0.362,0.818,-0.377
283,0.712,0.528,-0.715,0.746,0.477,-0.652,0.685,0.419,-0.695,0.754,0.85,-0.104,0.362,0.818,-0.377
284,0.712,0.529,-0.714,0.746,0.477,-0.651,0.685,0.42,-0.694,0.753,0.849,-0.1,0.361,0.819,-0.375
285,0.712,0.53,-0.715,0.746,0.479,-0.652,0.685,0.42,-0.694,0.753,0.849,-0.102,0.361,0.819,-0.374
286,0.712,0.531,-0.723,0.746,0.479,-0.66,0.684,0.42,-0.7,0.753,0.85,-0.106,0.361,0.819,-0.374
287,0.711,0.532,-0.724,0.746,0.481,-0.66,0.684,0.42,-0.701,0.753,0.849,-0.107,0.361,0.819,-0.38
288,0.711,0.532,-0.724,0.746,0.481,-0.66,0.684,0.42,-0.7,0.753,0.85,-0.107,0.361,0.819,-0.375
289,0.711,0.532,-0.723,0.746,0.481,-0.659,0.684,0.42,-0.699,0.753,0.852,-0.11,0.361,0.819,-0.372
290,0.71,0.532,-0.723,0.745,0.481,-0.659,0.683,0.42,-0.699,0.753,0.852,-0.111,0.361,0.819,-0.365
291,0.709,0.533,-0.722,0.745,0.482,-0.659,0.682,0.42,-0.698,0.753,0.852,-0.112,0.361,0.819,-0.355
292,0.709,0.533,-0.709,0.745,0.482,-0.647,0.682,0.42,-0.685,0.754,0.852,-0.112,0.361,0.819,-0.353
293,0.709,0.533,-0.709,0.745,0.482,-0.647,0.682,0.421,-0.686,0.754,0.852,-0.117,0.361,0.82,-0.353
294,0.709,0.533,-0.712,0.745,0.482,-0.649,0.681,0.421,-0.688,0.754,0.855,-0.118,0.361,0.82,-0.355
295,0.709,0.533,-0.711,0.745,0.483,-0.648,0.681,0.421,-0.687,0.754,0.856,-0.118,0.361,0.821,-0.356
296,0.709,0.533,-0.714,0.745,0.483,-0.65,0.681,0.421,-0.689,0.755,0.857,-0.119,0.361,0.821,-0.357
297,0.709,0.533,-0.729,0.745,0.483,-0.662,0.681,0.421,-0.703,0.755,0.857,-0.117,0.362,0.821,-0.366
298,0.709,0.533,-0.729,0.745,0.483,-0.662,0.681,0.421,-0.702,0.756,0.859,-0.117,0.362,0.821,-0.364
299,0.709,0.533,-0.717,0.745,0.483,-0.65,0.682,0.421,-0.693,0.756,0.859,-0.11,0.362,0.821,-0.364
300,0.71,0.533,-0.716,0.746,0.483,-0.65,0.682,0.421,-0.692,0.755,0.859,-0.109,0.362,0.821,-0.372
301,0.71,0.533,-0.725,0.746,0.483,-0.658,0.682,0.421,-0.701,0.755,0.859,-0.109,0.362,0.821,-0.372
302,0.71,0.533,-0.73,0.746,0.483,-0.664,0.682,0.421,-0.704,0.755,0.859,-0.108,0.363,0.821,-0.371
303,0.71,0.533,-0.73,0.746,0.483,-0.664,0.682,0.421,-0.704,0.755,0.859,-0.113,0.363,0.821,-0.362
304,0.71,0.533,-0.73,0.746,0.483,-0.664,0.682,0.421,-0.704,0.755,0.86,-0.113,0.363,0.821,-0.36
305,0.71,0.533,-0.731,0.746,0.483,-0.664,0.682,0.421,-0.705,0.756,0.86,-0.113,0.363,0.821,-0.36
306,0.71,0.533,-0.73,0.746,0.483,-0.664,0.682,0.421,-0.705,0.757,0.861,-0.113,0.363,0.821,-0.364
307,0.71,0.532,-0.73,0.746,0.483,-0.663,0.682,0.421,-0.704,0.757,0.86,-0.1,0.362,0.82,-0.364
308,0.71,0.532,-0.719,0.746,0.482,-0.653,0.683,0.421,-0.696,0.757,0.858,-0.1,0.362,0.82,-0.365
309,0.711,0.532,-0.719,0.747,0.482,-0.653,0.683,0.421,-0.696,0.757,0.857,-0.1,0.362,0.82,-0.369
310,0.712,0.532,-0.72,0.747,0.482,-0.654,0.684,0.422,-0.698,0.757,0.856,-0.101,0.362,0.82,-0.377
311,0.712,0.532,-0.718,0.747,0.483,-0.652,0.684,0.422,-0.696,0.756,0.855,-0.101,0.362,0.82,-0.367
312,0.712,0.532,-0.7,0.747,0.483,-0.638,0.684,0.422,-0.678,0.756,0.855,-0.104,0.362,0.82,-0.363
313,0.712,0.532,-0.674,0.747,0.484,-0.612,0.685,0.422,-0.654,0.755,0.855,-0.099,0.362,0.82,-0.361
314,0.712,0.532,-0.673,0.748,0.484,-0.611,0.685,0.422,-0.652,0.755,0.855,-0.099,0.362,0.82,-0.354
315,0.712,0.532,-0.676,0.748,0.485,-0.613,0.685,0.422,-0.655,0.755,0.855,-0.1,0.362,0.82,-0.353
316,0.712,0.533,-0.687,0.748,0.487,-0.628,0.685,0.423,-0.668,0.755,0.854,-0.11,0.362,0.819,-0.354
317,0.712,0.535,-0.677,0.748,0.489,-0.62,0.685,0.425,-0.659,0.753,0.849,-0.111,0.362,0.818,-0.348
318,0.712,0.535,-0.678,0.748,0.489,-0.62,0.685,0.425,-0.66,0.753,0.849,-0.111,0.362,0.818,-0.347
319,0.712,0.535,-0.698,0.748,0.489,-0.637,0.685,0.425,-0.676,0.754,0.85,-0.112,0.362,0.818,-0.347
320,0.712,0.535,-0.706,0.748,0.489,-0.644,0.685,0.425,-0.685,0.754,0.85,-0.113,0.362,0.818,-0.359
321,0.713,0.534,-0.694,0.749,0.488,-0.631,0.685,0.425,-0.671,0.755,0.85,-0.11,0.363,0.818,-0.351
322,0.713,0.534,-0.698,0.749,0.488,-0.635,0.686,0.425,-0.677,0.755,0.85,-0.11,0.362,0.818,-0.354
323,0.713,0.534,-0.713,0.749,0.488,-0.65,0.686,0.424,-0.689,0.756,0.851,-0.119,0.362,0.818,-0.354
324,0.713,0.533,-0.71,0.749,0.487,-0.647,0.686,0.423,-0.686,0.756,0.851,-0.118,0.362,0.818,-0.353
325,0.713,0.532,-0.697,0.749,0.486,-0.634,0.686,0.421,-0.672,0.757,0.853,-0.118,0.362,0.818,-0.352
326,0.713,0.532,-0.7,0.749,0.486,-0.637,0.686,0.421,-0.675,0.757,0.854,-0.118,0.362,0.818,-0.356
327,0.713,0.532,-0.701,0.749,0.486,-0.637,0.686,0.421,-0.675,0.757,0.855,-0.118,0.362,0.818,-0.351
328,0.713,0.532,-0.708,0.749,0.485,-0.645,0.686,0.42,-0.683,0.757,0.854,-0.12,0.362,0.818,-0.352
329,0.713,0.531,-0.722,0.749,0.485,-0.659,0.687,0.42,-0.697,0.757,0.854,-0.129,0.362,0.817,-0.355
330,0.713,0.531,-0.721,0.749,0.485,-0.658,0.687,0.42,-0.696,0.757,0.854,-0.128,0.361,0.817,-0.354
331,0.713,0.531,-0.72,0.749,0.485,-0.656,0.687,0.42,-0.694,0.757,0.854,-0.125,0.361,0.817,-0.344
332,0.713,0.531,-0.729,0.749,0.485,-0.665,0.687,0.42,-0.705,0.756,0.854,-0.129,0.361,0.817,-0.349
333,0.713,0.531,-0.727,0.749,0.485,-0.665,0.687,0.421,-0.704,0.755,0.853,-0.129,0.361,0.817,-0.349
334,0.713,0.531,-0.723,0.749,0.485,-0.661,0.687,0.421,-0.699,0.755,0.853,-0.128,0.36,0.817,-0.347
335,0.713,0.531,-0.714,0.749,0.484,-0.652,0.687,0.42,-0.691,0.754,0.852,-0.127,0.36,0.817,-0.347
336,0.713,0.531,-0.714,0.749,0.484,-0.652,0.687,0.42,-0.69,0.754,0.853,-0.123,0.36,0.817,-0.345
337,0.713,0.531,-0.713,0.749,0.484,-0.651,0.687,0.42,-0.689,0.755,0.854,-0.123,0.36,0.817,-0.346
338,0.713,0.531,-0.715,0.749,0.484,-0.652,0.687,0.42,-0.691,0.755,0.853,-0.122,0.361,0.817,-0.346
339,0.713,0.531,-0.717,0.749,0.484,-0.654,0.687,0.419,-0.692,0.755,0.853,-0.12,0.361,0.817,-0.347
340,0.713,0.531,-0.715,0.749,0.484,-0.651,0.687,0.419,-0.691,0.755,0.852,-0.114,0.361,0.817,-0.353
341,0.713,0.53,-0.698,0.749,0.484,-0.636,0.687,0.419,-0.676,0.755,0.852,-0.114,0.361,0.817,-0.352
342,0.713,0.53,-0.711,0.749,0.483,-0.648,0.687,0.419,-0.69,0.755,0.85,-0.114,0.361,0.816,-0.37
343,0.713,0.53,-0.686,0.749,0.483,-0.623,0.687,0.419,-0.666,0.754,0.85,-0.096,0.362,0.817,-0.368
344,0.712,0.53,-0.674,0.748,0.483,-0.611,0.686,0.419,-0.655,0.754,0.85,-0.081,0.362,0.817,-0.363
345,0.712,0.526,-0.656,0.747,0.48,-0.595,0.685,0.418,-0.634,0.755,0.851,-0.093,0.363,0.817,-0.352
346,0.711,0.522,-0.644,0.747,0.474,-0.586,0.684,0.415,-0.626,0.756,0.851,-0.094,0.363,0.817,-0.35
347,0.711,0.518,-0.64,0.746,0.468,-0.582,0.683,0.411,-0.622,0.757,0.85,-0.095,0.364,0.818,-0.353
348,0.708,0.516,-0.646,0.745,0.466,-0.587,0.68,0.409,-0.626,0.759,0.851,-0.116,0.364,0.818,-0.342
349,0.705,0.512,-0.652,0.743,0.46,-0.595,0.675,0.404,-0.627,0.769,0.856,-0.129,0.363,0.82,-0.342
350,0.698,0.509,-0.729,0.739,0.458,-0.667,0.67,0.397,-0.696,0.774,0.86,-0.17,0.364,0.819,-0.355
351,0.695,0.507,-0.731,0.738,0.456,-0.672,0.667,0.393,-0.702,0.774,0.86,-0.174,0.364,0.818,-0.358
352,0.694,0.504,-0.722,0.737,0.455,-0.663,0.666,0.39,-0.697,0.774,0.862,-0.167,0.364,0.818,-0.345
353,0.694,0.505,-0.704,0.737,0.455,-0.643,0.666,0.39,-0.676,0.77,0.858,-0.135,0.365,0.818,-0.334
354,0.694,0.504,-0.69,0.737,0.454,-0.626,0.666,0.391,-0.66,0.769,0.857,-0.125,0.366,0.819,-0.333
355,0.695,0.504,-0.669,0.737,0.453,-0.606,0.666,0.391,-0.639,0.768,0.857,-0.116,0.366,0.82,-0.33
356,0.693,0.503,-0.68,0.736,0.452,-0.615,0.665,0.39,-0.646,0.767,0.859,-0.126,0.365,0.82,-0.326
357,0.693,0.502,-0.645,0.735,0.451,-0.581,0.665,0.389,-0.614,0.764,0.858,-0.109,0.366,0.819,-0.311
358,0.693,0.5,-0.639,0.734,0.45,-0.575,0.665,0.389,-0.608,0.761,0.855,-0.101,0.366,0.818,-0.303
359,0.693,0.499,-0.645,0.733,0.45,-0.581,0.664,0.389,-0.615,0.76,0.854,-0.103,0.365,0.818,-0.306
360,0.693,0.499,-0.647,0.733,0.45,-0.584,0.664,0.389,-0.618,0.76,0.854,-0.104,0.365,0.818,-0.308
361,0.693,0.499,-0.649,0.733,0.45,-0.586,0.664,0.391,-0.619,0.76,0.853,-0.105,0.366,0.818,-0.31
362,0.695,0.5,-0.648,0.734,0.451,-0.586,0.667,0.393,-0.62,0.759,0.851,-0.108,0.366,0.818,-0.328
363,0.696,0.5,-0.672,0.735,0.452,-0.609,0.667,0.393,-0.645,0.759,0.849,-0.106,0.368,0.816,-0.329
364,0.698,0.501,-0.659,0.736,0.453,-0.596,0.67,0.394,-0.636,0.759,0.846,-0.1,0.371,0.816,-0.347
365,0.701,0.502,-0.619,0.737,0.454,-0.563,0.672,0.396,-0.606,0.756,0.836,-0.079,0.374,0.815,-0.372
366,0.703,0.504,-0.62,0.739,0.456,-0.564,0.675,0.399,-0.607,0.756,0.831,-0.082,0.377,0.815,-0.386
367,0.704,0.504,-0.618,0.74,0.459,-0.56,0.676,0.4,-0.604,0.755,0.83,-0.069,0.379,0.815,-0.388
368,0.704,0.505,-0.646,0.74,0.461,-0.582,0.677,0.401,-0.626,0.755,0.831,-0.073,0.379,0.815,-0.382
369,0.705,0.506,-0.65,0.741,0.463,-0.587,0.677,0.402,-0.631,0.755,0.831,-0.074,0.38,0.815,-0.387
370,0.705,0.506,-0.65,0.741,0.464,-0.587,0.677,0.403,-0.631,0.754,0.83,-0.062,0.381,0.815,-0.389
371,0.705,0.507,-0.691,0.742,0.464,-0.625,0.678,0.403,-0.67,0.755,0.83,-0.063,0.381,0.816,-0.395
372,0.706,0.507,-0.686,0.742,0.464,-0.621,0.678,0.404,-0.665,0.755,0.83,-0.063,0.38,0.817,-0.392
373,0.706,0.508,-0.699,0.742,0.464,-0.631,0.678,0.404,-0.677,0.755,0.831,-0.065,0.38,0.817,-0.4
374,0.706,0.508,-0.687,0.742,0.464,-0.619,0.678,0.404,-0.662,0.755,0.836,-0.067,0.379,0.818,-0.392
375,0.706,0.508,-0.637,0.742,0.464,-0.574,0.678,0.404,-0.614,0.756,0.837,-0.068,0.379,0.819,-0.362
376,0.706,0.508,-0.628,0.742,0.464,-0.564,0.678,0.404,-0.602,0.758,0.843,-0.069,0.378,0.819,-0.34
377,0.706,0.508,-0.632,0.742,0.464,-0.569,0.678,0.404,-0.608,0.758,0.842,-0.071,0.378,0.819,-0.345
378,0.706,0.508,-0.628,0.742,0.464,-0.565,0.678,0.404,-0.603,0.758,0.844,-0.071,0.378,0.819,-0.341
379,0.706,0.508,-0.646,0.742,0.464,-0.581,0.678,0.404,-0.62,0.762,0.848,-0.08,0.378,0.819,-0.341
380,0.706,0.508,-0.633,0.743,0.464,-0.572,0.679,0.404,-0.609,0.762,0.853,-0.097,0.378,0.82,-0.338
381,0.707,0.508,-0.651,0.743,0.464,-0.588,0.679,0.404,-0.631,0.763,0.851,-0.096,0.378,0.82,-0.366
382,0.707,0.508,-0.641,0.744,0.464,-0.581,0.68,0.404,-0.621,0.763,0.851,-0.096,0.378,0.82,-0.357
383,0.708,0.508,-0.68,0.745,0.464,-0.615,0.68,0.404,-0.655,0.765,0.852,-0.1,0.377,0.82,-0.356
384,0.708,0.509,-0.682,0.745,0.465,-0.618,0.68,0.404,-0.657,0.766,0.852,-0.108,0.376,0.82,-0.357
385,0.708,0.509,-0.69,0.745,0.465,-0.626,0.68,0.404,-0.662,0.766,0.854,-0.119,0.376,0.82,-0.353
386,0.708,0.509,-0.707,0.745,0.466,-0.643,0.68,0.405,-0.681,0.766,0.854,-0.121,0.376,0.82,-0.355
387,0.708,0.509,-0.7,0.745,0.466,-0.636,0.679,0.404,-0.674,0.766,0.854,-0.119,0.376,0.82,-0.353
388,0.708,0.509,-0.701,0.745,0.466,-0.636,0.679,0.404,-0.675,0.766,0.854,-0.117,0.376,0.82,-0.356
389,0.708,0.509,-0.726,0.745,0.467,-0.662,0.68,0.405,-0.704,0.764,0.848,-0.117,0.376,0.82,-0.386
390,0.708,0.51,-0.72,0.745,0.468,-0.657,0.68,0.405,-0.697,0.764,0.847,-0.109,0.376,0.819,-0.382
391,0.708,0.511,-0.727,0.745,0.469,-0.662,0.68,0.405,-0.702,0.764,0.846,-0.109,0.376,0.819,-0.38
392,0.708,0.512,-0.709,0.745,0.47,-0.647,0.68,0.406,-0.688,0.761,0.842,-0.099,0.377,0.819,-0.379
393,0.708,0.513,-0.708,0.745,0.47,-0.645,0.68,0.406,-0.686,0.76,0.842,-0.095,0.377,0.819,-0.378
394,0.708,0.513,-0.708,0.745,0.471,-0.645,0.68,0.406,-0.686,0.76,0.842,-0.096,0.377,0.819,-0.378
395,0.708,0.514,-0.767,0.745,0.471,-0.698,0.68,0.406,-0.74,0.761,0.843,-0.096,0.376,0.819,-0.388
396,0.708,0.514,-0.76,0.745,0.471,-0.694,0.68,0.406,-0.738,0.761,0.843,-0.09,0.376,0.819,-0.386
397,0.708,0.514,-0.714,0.746,0.471,-0.652,0.68,0.406,-0.695,0.761,0.843,-0.083,0.375,0.819,-0.385
398,0.709,0.515,-0.7,0.746,0.471,-0.636,0.682,0.406,-0.681,0.761,0.844,-0.08,0.375,0.818,-0.385
399,0.711,0.515,-0.713,0.747,0.471,-0.647,0.684,0.407,-0.694,0.762,0.844,-0.083,0.375,0.817,-0.398
400,0.712,0.515,-0.703,0.748,0.472,-0.64,0.685,0.408,-0.685,0.762,0.844,-0.089,0.374,0.817,-0.398
401,0.712,0.515,-0.716,0.748,0.472,-0.653,0.685,0.408,-0.7,0.762,0.844,-0.096,0.374,0.817,-0.413
402,0.712,0.515,-0.657,0.748,0.471,-0.598,0.685,0.407,-0.636,0.763,0.845,-0.105,0.374,0.817,-0.343
403,0.711,0.515,-0.667,0.748,0.471,-0.606,0.685,0.407,-0.645,0.763,0.848,-0.109,0.373,0.817,-0.337
404,0.711,0.514,-0.662,0.748,0.471,-0.601,0.685,0.407,-0.639,0.763,0.85,-0.112,0.371,0.817,-0.335
405,0.711,0.514,-0.669,0.748,0.471,-0.608,0.685,0.407,-0.646,0.763,0.851,-0.112,0.37,0.817,-0.34
406,0.711,0.514,-0.688,0.748,0.471,-0.622,0.685,0.407,-0.662,0.763,0.852,-0.109,0.369,0.817,-0.343
407,0.711,0.514,-0.682,0.748,0.471,-0.617,0.686,0.407,-0.658,0.763,0.852,-0.108,0.369,0.817,-0.345
408,0.711,0.514,-0.682,0.748,0.471,-0.617,0.686,0.407,-0.658,0.763,0.855,-0.1,0.369,0.817,-0.347
409,0.712,0.514,-0.651,0.748,0.471,-0.589,0.686,0.407,-0.63,0.762,0.855,-0.099,0.369,0.818,-0.348
410,0.712,0.514,-0.641,0.748,0.471,-0.578,0.686,0.407,-0.62,0.76,0.855,-0.09,0.369,0.818,-0.348
411,0.711,0.514,-0.643,0.748,0.471,-0.581,0.686,0.407,-0.623,0.759,0.855,-0.09,0.369,0.818,-0.354
412,0.711,0.514,-0.641,0.748,0.471,-0.577,0.685,0.407,-0.619,0.757,0.855,-0.072,0.369,0.818,-0.354
413,0.711,0.514,-0.642,0.747,0.471,-0.579,0.685,0.407,-0.619,0.757,0.855,-0.074,0.369,0.818,-0.343
414,0.711,0.514,-0.646,0.747,0.471,-0.582,0.684,0.407,-0.623,0.757,0.854,-0.076,0.37,0.817,-0.344
415,0.711,0.515,-0.656,0.747,0.471,-0.594,0.684,0.407,-0.636,0.755,0.85,-0.077,0.37,0.817,-0.358
416,0.711,0.516,-0.671,0.747,0.472,-0.608,0.684,0.408,-0.652,0.754,0.846,-0.078,0.37,0.817,-0.376
417,0.712,0.517,-0.693,0.748,0.472,-0.629,0.685,0.409,-0.674,0.753,0.842,-0.08,0.37,0.817,-0.378
418,0.712,0.517,-0.693,0.748,0.472,-0.628,0.685,0.409,-0.671,0.753,0.836,-0.08,0.37,0.817,-0.392
419,0.712,0.517,-0.701,0.748,0.472,-0.637,0.686,0.41,-0.681,0.753,0.834,-0.092,0.37,0.816,-0.393
420,0.712,0.518,-0.699,0.748,0.472,-0.636,0.686,0.41,-0.68,0.752,0.83,-0.095,0.37,0.815,-0.394
421,0.712,0.518,-0.73,0.748,0.472,-0.666,0.686,0.41,-0.708,0.752,0.829,-0.108,0.37,0.815,-0.392
422,0.712,0.518,-0.721,0.747,0.472,-0.657,0.685,0.411,-0.7,0.752,0.829,-0.107,0.37,0.814,-0.391
423,0.712,0.518,-0.73,0.747,0.472,-0.664,0.685,0.411,-0.708,0.752,0.829,-0.107,0.37,0.814,-0.39
424,0.712,0.518,-0.724,0.747,0.472,-0.659,0.686,0.411,-0.703,0.752,0.829,-0.109,0.37,0.814,-0.397
425,0.713,0.518,-0.706,0.747,0.472,-0.642,0.686,0.412,-0.688,0.751,0.829,-0.107,0.371,0.814,-0.396
426,0.713,0.518,-0.706,0.747,0.473,-0.642,0.686,0.412,-0.687,0.751,0.829,-0.104,0.373,0.815,-0.397
427,0.714,0.518,-0.699,0.747,0.473,-0.635,0.687,0.412,-0.682,0.751,0.83,-0.103,0.373,0.815,-0.399
428,0.714,0.518,-0.676,0.747,0.472,-0.611,0.687,0.412,-0.66,0.75,0.83,-0.085,0.374,0.815,-0.404
429,0.716,0.517,-0.666,0.748,0.472,-0.601,0.688,0.412,-0.651,0.75,0.83,-0.075,0.374,0.815,-0.405
430,0.717,0.517,-0.629,0.748,0.472,-0.565,0.689,0.413,-0.616,0.748,0.829,-0.063,0.375,0.815,-0.405
431,0.718,0.518,-0.641,0.749,0.472,-0.577,0.69,0.413,-0.627,0.747,0.829,-0.064,0.376,0.815,-0.407
432,0.719,0.518,-0.615,0.749,0.471,-0.553,0.692,0.413,-0.603,0.746,0.829,-0.06,0.378,0.814,-0.405
433,0.72,0.518,-0.601,0.75,0.471,-0.541,0.693,0.414,-0.593,0.744,0.827,-0.048,0.378,0.814,-0.412
434,0.721,0.519,-0.617,0.75,0.471,-0.553,0.693,0.415,-0.61,0.744,0.827,-0.05,0.378,0.814,-0.426
435,0.722,0.519,-0.625,0.751,0.471,-0.56,0.695,0.415,-0.615,0.744,0.827,-0.056,0.379,0.814,-0.429
436,0.723,0.519,-0.614,0.751,0.471,-0.553,0.695,0.416,-0.604,0.743,0.827,-0.057,0.379,0.814,-0.427
437,0.723,0.519,-0.616,0.752,0.471,-0.555,0.695,0.416,-0.605,0.743,0.827,-0.061,0.379,0.814,-0.421
438,0.724,0.519,-0.627,0.752,0.471,-0.563,0.696,0.415,-0.613,0.743,0.827,-0.062,0.379,0.814,-0.421
439,0.724,0.518,-0.625,0.753,0.47,-0.563,0.696,0.415,-0.611,0.743,0.828,-0.075,0.379,0.814,-0.401
440,0.725,0.518,-0.626,0.753,0.47,-0.564,0.696,0.415,-0.611,0.743,0.828,-0.077,0.379,0.814,-0.393
441,0.725,0.518,-0.659,0.754,0.469,-0.594,0.697,0.415,-0.638,0.748,0.833,-0.095,0.379,0.814,-0.389
442,0.725,0.517,-0.687,0.754,0.469,-0.621,0.697,0.414,-0.667,0.749,0.834,-0.099,0.379,0.814,-0.389
443,0.725,0.517,-0.701,0.754,0.467,-0.634,0.697,0.413,-0.681,0.754,0.836,-0.098,0.379,0.813,-0.39
444,0.725,0.516,-0.704,0.754,0.467,-0.637,0.697,0.412,-0.683,0.757,0.841,-0.103,0.378,0.813,-0.389
445,0.725,0.516,-0.716,0.754,0.467,-0.65,0.697,0.412,-0.695,0.759,0.844,-0.122,0.377,0.813,-0.389
446,0.725,0.516,-0.678,0.754,0.466,-0.614,0.697,0.412,-0.657,0.76,0.848,-0.118,0.377,0.813,-0.376
447,0.724,0.517,-0.678,0.754,0.467,-0.614,0.697,0.412,-0.657,0.76,0.848,-0.116,0.376,0.814,-0.373
448,0.723,0.518,-0.699,0.754,0.468,-0.633,0.696,0.412,-0.679,0.76,0.848,-0.108,0.375,0.815,-0.404
449,0.722,0.518,-0.678,0.753,0.468,-0.613,0.696,0.412,-0.657,0.761,0.85,-0.11,0.375,0.816,-0.39
450,0.722,0.518,-0.669,0.753,0.468,-0.604,0.696,0.412,-0.648,0.761,0.852,-0.104,0.374,0.817,-0.387
451,0.722,0.518,-0.669,0.753,0.468,-0.605,0.696,0.412,-0.649,0.761,0.854,-0.104,0.374,0.817,-0.384
452,0.722,0.518,-0.67,0.753,0.468,-0.605,0.696,0.412,-0.649,0.762,0.855,-0.104,0.374,0.817,-0.385
453,0.722,0.518,-0.686,0.753,0.468,-0.619,0.695,0.412,-0.663,0.763,0.856,-0.106,0.374,0.817,-0.385
454,0.721,0.518,-0.684,0.753,0.467,-0.616,0.694,0.412,-0.661,0.763,0.858,-0.105,0.373,0.818,-0.386
455,0.721,0.517,-0.684,0.752,0.467,-0.617,0.694,0.412,-0.661,0.763,0.859,-0.105,0.373,0.818,-0.386
456,0.72,0.517,-0.683,0.752,0.467,-0.617,0.694,0.412,-0.661,0.763,0.86,-0.105,0.373,0.818,-0.387
457,0.72,0.517,-0.677,0.752,0.467,-0.612,0.694,0.412,-0.656,0.763,0.86,-0.105,0.373,0.818,-0.382
458,0.72,0.517,-0.672,0.752,0.467,-0.608,0.693,0.412,-0.651,0.763,0.86,-0.109,0.373,0.817,-0.381
459,0.72,0.517,-0.666,0.752,0.467,-0.602,0.693,0.412,-0.645,0.763,0.86,-0.102,0.373,0.817,-0.38
460,0.719,0.516,-0.666,0.751,0.467,-0.601,0.693,0.411,-0.644,0.763,0.86,-0.103,0.373,0.817,-0.372
461,0.719,0.516,-0.677,0.751,0.467,-0.612,0.692,0.411,-0.655,0.762,0.86,-0.104,0.373,0.817,-0.373
462,0.719,0.517,-0.681,0.751,0.467,-0.616,0.692,0.411,-0.658,0.762,0.86,-0.115,0.373,0.817,-0.369
463,0.718,0.517,-0.676,0.751,0.467,-0.612,0.692,0.411,-0.653,0.762,0.86,-0.108,0.373,0.816,-0.369
464,0.718,0.517,-0.714,0.751,0.468,-0.648,0.692,0.411,-0.689,0.762,0.86,-0.111,0.372,0.816,-0.372
465,0.718,0.517,-0.711,0.751,0.468,-0.646,0.692,0.411,-0.689,0.762,0.86,-0.111,0.373,0.816,-0.383
466,0.718,0.517,-0.731,0.751,0.468,-0.664,0.692,0.411,-0.709,0.761,0.859,-0.111,0.373,0.816,-0.401
467,0.718,0.517,-0.738,0.751,0.468,-0.671,0.692,0.411,-0.718,0.761,0.858,-0.109,0.373,0.816,-0.411
468,0.718,0.517,-0.731,0.751,0.468,-0.664,0.692,0.411,-0.71,0.761,0.857,-0.109,0.373,0.816,-0.408
469,0.718,0.517,-0.709,0.751,0.468,-0.645,0.692,0.411,-0.688,0.76,0.856,-0.111,0.373,0.816,-0.392
470,0.718,0.517,-0.709,0.751,0.468,-0.645,0.692,0.411,-0.688,0.759,0.854,-0.113,0.373,0.816,-0.391
471,0.718,0.516,-0.706,0.751,0.468,-0.642,0.692,0.411,-0.686,0.758,0.853,-0.113,0.373,0.815,-0.391
472,0.718,0.516,-0.697,0.751,0.469,-0.632,0.692,0.412,-0.676,0.757,0.851,-0.113,0.373,0.815,-0.387
473,0.719,0.516,-0.698,0.751,0.469,-0.633,0.693,0.412,-0.678,0.756,0.85,-0.117,0.373,0.815,-0.397
474,0.719,0.516,-0.698,0.751,0.47,-0.633,0.693,0.412,-0.678,0.756,0.849,-0.115,0.373,0.815,-0.396
475,0.719,0.516,-0.692,0.751,0.471,-0.628,0.693,0.412,-0.672,0.755,0.849,-0.109,0.373,0.815,-0.396
476,0.719,0.516,-0.704,0.751,0.471,-0.638,0.693,0.412,-0.683,0.755,0.849,-0.11,0.373,0.815,-0.396
477,0.718,0.516,-0.7,0.751,0.471,-0.634,0.692,0.412,-0.68,0.753,0.845,-0.099,0.373,0.815,-0.397
478,0.718,0.517,-0.7,0.75,0.471,-0.634,0.692,0.413,-0.68,0.752,0.841,-0.099,0.373,0.815,-0.402
479,0.718,0.517,-0.7,0.75,0.472,-0.634,0.692,0.413,-0.681,0.751,0.836,-0.083,0.373,0.815,-0.423
480,0.718,0.517,-0.694,0.75,0.472,-0.628,0.692,0.414,-0.678,0.748,0.834,-0.081,0.375,0.815,-0.423
481,0.718,0.518,-0.637,0.75,0.472,-0.576,0.692,0.414,-0.628,0.746,0.831,-0.069,0.375,0.815,-0.421
482,0.719,0.518,-0.65,0.75,0.472,-0.587,0.692,0.415,-0.637,0.746,0.83,-0.071,0.376,0.815,-0.42
483,0.719,0.52,-0.663,0.75,0.472,-0.599,0.692,0.415,-0.649,0.746,0.83,-0.073,0.376,0.815,-0.417
484,0.72,0.521,-0.661,0.751,0.472,-0.598,0.693,0.417,-0.649,0.746,0.83,-0.073,0.376,0.816,-0.425
485,0.721,0.522,-0.636,0.751,0.473,-0.576,0.694,0.417,-0.627,0.746,0.829,-0.067,0.376,0.816,-0.424
486,0.721,0.522,-0.631,0.751,0.473,-0.572,0.695,0.418,-0.623,0.745,0.828,-0.066,0.377,0.816,-0.424
487,0.721,0.522,-0.635,0.751,0.473,-0.575,0.695,0.418,-0.627,0.747,0.828,-0.063,0.377,0.816,-0.42
488,0.721,0.522,-0.64,0.751,0.473,-0.582,0.695,0.418,-0.633,0.747,0.822,-0.056,0.377,0.816,-0.42
489,0.721,0.522,-0.644,0.752,0.473,-0.584,0.695,0.418,-0.635,0.747,0.822,-0.068,0.377,0.816,-0.41
490,0.721,0.523,-0.639,0.752,0.474,-0.58,0.695,0.418,-0.627,0.746,0.82,-0.068,0.377,0.816,-0.394
491,0.721,0.523,-0.622,0.752,0.474,-0.567,0.695,0.418,-0.611,0.745,0.817,-0.069,0.377,0.816,-0.383
492,0.721,0.524,-0.633,0.752,0.477,-0.577,0.695,0.418,-0.614,0.745,0.817,-0.083,0.376,0.816,-0.368
493,0.721,0.525,-0.632,0.753,0.478,-0.575,0.696,0.418,-0.614,0.744,0.818,-0.084,0.376,0.816,-0.361
494,0.721,0.526,-0.631,0.753,0.479,-0.574,0.696,0.419,-0.614,0.744,0.817,-0.083,0.376,0.816,-0.367
495,0.72,0.526,-0.641,0.753,0.48,-0.582,0.696,0.419,-0.621,0.744,0.816,-0.084,0.376,0.816,-0.363
496,0.72,0.526,-0.645,0.753,0.481,-0.584,0.695,0.419,-0.622,0.744,0.819,-0.085,0.375,0.816,-0.347
497,0.72,0.527,-0.645,0.753,0.481,-0.585,0.695,0.419,-0.622,0.744,0.819,-0.084,0.375,0.816,-0.352
498,0.72,0.527,-0.655,0.753,0.481,-0.593,0.695,0.419,-0.632,0.744,0.82,-0.089,0.375,0.816,-0.354
499,0.72,0.527,-0.659,0.753,0.481,-0.598,0.695,0.419,-0.635,0.744,0.82,-0.095,0.375,0.816,-0.349
500,0.719,0.527,-0.673,0.753,0.481,-0.611,0.695,0.419,-0.65,0.744,0.82,-0.098,0.374,0.816,-0.349
501,0.719,0.527,-0.671,0.753,0.481,-0.61,0.695,0.419,-0.65,0.744,0.821,-0.1,0.374,0.817,-0.35
502,0.719,0.528,-0.68,0.754,0.482,-0.617,0.695,0.419,-0.657,0.744,0.822,-0.102,0.374,0.817,-0.352
503,0.719,0.528,-0.679,0.754,0.482,-0.616,0.695,0.419,-0.657,0.743,0.822,-0.101,0.374,0.817,-0.355
504,0.719,0.528,-0.678,0.754,0.483,-0.615,0.695,0.42,-0.657,0.743,0.822,-0.1,0.374,0.817,-0.348
505,0.719,0.529,-0.676,0.754,0.484,-0.615,0.695,0.421,-0.655,0.743,0.822,-0.1,0.374,0.817,-0.349
506,0.719,0.529,-0.669,0.754,0.484,-0.608,0.695,0.421,-0.649,0.743,0.823,-0.094,0.374,0.817,-0.356
507,0.719,0.529,-0.682,0.754,0.484,-0.62,0.695,0.421,-0.662,0.743,0.823,-0.093,0.374,0.817,-0.371
508,0.719,0.53,-0.68,0.754,0.485,-0.619,0.695,0.422,-0.66,0.743,0.823,-0.094,0.374,0.817,-0.37
509,0.719,0.531,-0.679,0.754,0.486,-0.618,0.695,0.423,-0.66,0.743,0.823,-0.087,0.374,0.818,-0.384
510,0.719,0.532,-0.665,0.754,0.486,-0.604,0.694,0.424,-0.646,0.743,0.824,-0.08,0.374,0.818,-0.384
511,0.719,0.532,-0.68,0.754,0.487,-0.619,0.694,0.424,-0.662,0.743,0.824,-0.082,0.374,0.818,-0.392
512,0.719,0.532,-0.681,0.754,0.487,-0.62,0.694,0.424,-0.663,0.743,0.824,-0.087,0.373,0.818,-0.391
513,0.72,0.532,-0.682,0.754,0.486,-0.622,0.694,0.424,-0.665,0.744,0.824,-0.09,0.372,0.818,-0.396
514,0.72,0.532,-0.695,0.754,0.486,-0.634,0.695,0.424,-0.678,0.744,0.824,-0.099,0.372,0.818,-0.397
515,0.72,0.531,-0.701,0.754,0.484,-0.637,0.695,0.424,-0.681,0.745,0.824,-0.104,0.372,0.818,-0.399
516,0.72,0.531,-0.708,0.754,0.483,-0.644,0.695,0.423,-0.688,0.745,0.824,-0.112,0.372,0.818,-0.398
517,0.72,0.531,-0.699,0.754,0.483,-0.635,0.695,0.423,-0.679,0.745,0.825,-0.105,0.372,0.818,-0.396
518,0.72,0.53,-0.683,0.754,0.482,-0.622,0.695,0.423,-0.665,0.745,0.826,-0.105,0.372,0.819,-0.394
519,0.721,0.53,-0.689,0.754,0.482,-0.628,0.695,0.423,-0.672,0.745,0.826,-0.109,0.372,0.819,-0.402
520,0.721,0.53,-0.668,0.754,0.482,-0.608,0.695,0.423,-0.652,0.746,0.825,-0.106,0.372,0.819,-0.396
521,0.721,0.53,-0.667,0.754,0.482,-0.607,0.695,0.423,-0.651,0.746,0.826,-0.105,0.372,0.819,-0.395
522,0.721,0.53,-0.679,0.754,0.482,-0.617,0.695,0.423,-0.661,0.746,0.827,-0.106,0.371,0.819,-0.394
523,0.72,0.53,-0.68,0.754,0.482,-0.618,0.695,0.423,-0.661,0.747,0.829,-0.1,0.371,0.819,-0.393
524,0.72,0.531,-0.651,0.754,0.482,-0.591,0.695,0.424,-0.636,0.747,0.826,-0.075,0.372,0.819,-0.386
525,0.72,0.531,-0.653,0.754,0.483,-0.593,0.695,0.424,-0.638,0.746,0.824,-0.068,0.372,0.819,-0.386
526,0.72,0.532,-0.654,0.754,0.485,-0.594,0.695,0.424,-0.639,0.746,0.824,-0.068,0.372,0.819,-0.374
527,0.72,0.532,-0.653,0.754,0.485,-0.592,0.694,0.424,-0.638,0.746,0.824,-0.062,0.372,0.82,-0.378
528,0.72,0.532,-0.696,0.754,0.485,-0.63,0.694,0.424,-0.676,0.746,0.824,-0.063,0.372,0.82,-0.389
529,0.72,0.532,-0.705,0.754,0.485,-0.639,0.694,0.424,-0.683,0.746,0.826,-0.069,0.372,0.82,-0.374
530,0.719,0.529,-0.702,0.754,0.485,-0.638,0.694,0.422,-0.681,0.747,0.827,-0.074,0.371,0.819,-0.362
531,0.719,0.526,-0.693,0.754,0.484,-0.629,0.694,0.419,-0.669,0.747,0.827,-0.081,0.371,0.818,-0.349
532,0.72,0.525,-0.693,0.755,0.482,-0.628,0.694,0.418,-0.669,0.747,0.827,-0.091,0.371,0.818,-0.35
533,0.72,0.524,-0.7,0.755,0.48,-0.635,0.694,0.417,-0.675,0.749,0.83,-0.109,0.37,0.818,-0.353
534,0.72,0.523,-0.698,0.755,0.48,-0.634,0.694,0.417,-0.675,0.75,0.832,-0.116,0.37,0.818,-0.354
535,0.72,0.523,-0.678,0.755,0.48,-0.616,0.694,0.417,-0.654,0.75,0.832,-0.114,0.371,0.818,-0.335
536,0.719,0.523,-0.68,0.754,0.48,-0.618,0.694,0.417,-0.655,0.751,0.834,-0.115,0.37,0.818,-0.336
537,0.719,0.523,-0.681,0.754,0.48,-0.62,0.694,0.417,-0.656,0.751,0.834,-0.115,0.37,0.818,-0.339
538,0.718,0.523,-0.704,0.754,0.48,-0.64,0.693,0.417,-0.677,0.753,0.836,-0.125,0.37,0.818,-0.34
539,0.718,0.523,-0.729,0.754,0.48,-0.663,0.693,0.417,-0.703,0.753,0.837,-0.129,0.37,0.818,-0.361
540,0.718,0.524,-0.727,0.754,0.48,-0.661,0.693,0.417,-0.702,0.754,0.838,-0.127,0.37,0.819,-0.374
541,0.718,0.524,-0.725,0.755,0.48,-0.659,0.694,0.417,-0.699,0.754,0.84,-0.125,0.37,0.819,-0.364
542,0.719,0.524,-0.725,0.755,0.48,-0.659,0.694,0.417,-0.699,0.755,0.84,-0.122,0.37,0.819,-0.361
543,0.719,0.524,-0.73,0.755,0.48,-0.663,0.694,0.417,-0.705,0.755,0.841,-0.121,0.37,0.819,-0.384
544,0.719,0.524,-0.728,0.755,0.48,-0.662,0.694,0.417,-0.703,0.756,0.843,-0.121,0.37,0.819,-0.378
545,0.719,0.524,-0.717,0.755,0.481,-0.653,0.694,0.417,-0.692,0.757,0.844,-0.124,0.37,0.819,-0.357
546,0.719,0.524,-0.719,0.756,0.481,-0.654,0.694,0.417,-0.694,0.758,0.845,-0.123,0.37,0.82,-0.364
547,0.719,0.524,-0.745,0.757,0.481,-0.677,0.694,0.416,-0.718,0.758,0.844,-0.127,0.37,0.82,-0.375
548,0.721,0.524,-0.744,0.758,0.481,-0.677,0.695,0.416,-0.718,0.759,0.844,-0.126,0.37,0.82,-0.387
549,0.721,0.524,-0.75,0.758,0.481,-0.682,0.695,0.416,-0.725,0.759,0.844,-0.126,0.37,0.82,-0.387
550,0.722,0.524,-0.748,0.759,0.481,-0.679,0.695,0.416,-0.722,0.759,0.844,-0.113,0.37,0.821,-0.385
551,0.722,0.524,-0.733,0.759,0.481,-0.666,0.696,0.416,-0.709,0.759,0.844,-0.113,0.37,0.821,-0.384
552,0.723,0.524,-0.745,0.759,0.48,-0.678,0.696,0.415,-0.721,0.76,0.844,-0.127,0.37,0.822,-0.386
553,0.723,0.524,-0.751,0.76,0.48,-0.683,0.696,0.415,-0.727,0.76,0.845,-0.127,0.37,0.822,-0.41
